Player Name,Season,Number of Teams,Games In Season,Season Games Played,Season Goals,Season Assists,Season Points,Average Goals Per Game,Shots,Shots Per Game,Shooting Percentage,Save Percentage,Goals Against,Team,Player Games Played,Player Goals,Player Assists,Player Points,Position
League Total,2024-2025,32,15,250,1553,2616,4169,3.14,14600,58.4,10.6,0.9,2.9,,,,,,
League Total,2023-2024,32,82,1312,8086,13678,21764,3.11,79459,60.563,10.2,0.903,2.91,,,,,,
League Total,2022-2023,32,82,1312,8248,13936,22184,3.18,81963,62.472,10.1,0.904,2.97,,,,,,
League Total,2021-2022,32,82,1312,8150,13828,21978,3.14,82978,63.245,9.8,0.907,2.92,,,,,,
League Total,2020-2021,32,56,868,5031,8514,13545,2.94,52016,59.926,9.7,0.908,2.74,,,,,,
League Total,2019-2020,31,71,1082,6448,10816,17264,3.02,67960,62.81,9.5,0.91,2.82,,,,,,
League Total,2018-2019,31,82,1271,7577,12792,20369,3.01,79939,62.895,9.5,0.91,2.81,,,,,,
League Total,2017-2018,31,82,1271,7449,12615,20064,2.97,81210,63.895,9.2,0.912,2.78,,,,,,
League Total,2016-2017,30,82,1230,6704,11274,17978,2.77,74332,60.433,9,0.914,2.59,,,,,,
League Total,2015-2016,30,82,1230,6565,11043,17608,2.71,73145,59.467,9,0.915,2.51,,,,,,
League Total,2014-2015,30,82,1230,6549,11292,17841,2.73,73595,59.833,8.9,0.915,2.52,,,,,,
League Total,2013-2014,30,82,1230,6573,11296,17869,2.74,73893,60.076,8.9,0.914,2.56,,,,,,
League Total,2012-2013,30,48,720,3822,6603,10425,2.72,41964,58.283,9.1,0.912,2.54,,,,,,
League Total,2011-2012,30,82,1230,6545,11264,17809,2.73,73176,59.493,8.9,0.914,2.54,,,,,,
League Total,2010-2011,30,82,1230,6721,11543,18264,2.79,74757,60.778,9,0.913,2.61,,,,,,
League Total,2009-2010,30,82,1230,6803,11777,18580,2.84,74567,60.624,9.1,0.911,2.66,,,,,,
League Total,2008-2009,30,82,1230,7006,12137,19143,2.91,74298,60.405,9.4,0.909,2.73,,,,,,
League Total,2007-2008,30,82,1230,6691,11561,18252,2.78,71496,58.127,9.4,0.909,2.61,,,,,,
League Total,2006-2007,30,82,1230,7082,12392,19474,2.95,72775,59.167,9.7,0.905,2.77,,,,,,
League Total,2005-2006,30,82,1230,7443,12877,20320,3.08,73744,59.954,10.1,0.901,2.92,,,,,,
League Total,2003-2004,30,82,1230,6318,10752,17070,2.57,69007,56.103,9.2,0.911,2.46,,,,,,
League Total,2002-2003,30,82,1230,6530,11155,17685,2.65,69783,56.734,9.4,0.909,2.54,,,,,,
League Total,2001-2002,30,82,1230,6442,10867,17309,2.62,67851,55.163,9.5,0.908,2.51,,,,,,
League Total,2000-2001,30,82,1230,6782,11555,18337,2.76,68162,55.416,9.9,0.903,2.65,,,,,,
League Total,1999-2000,28,82,1148,6306,10647,16953,2.75,64230,55.949,9.4,0.904,2.64,,,,,,
League Total,1998-1999,27,82,1107,5830,9822,15652,2.63,61697,55.734,9.4,0.908,2.56,,,,,,
League Total,1997-1998,26,82,1066,5624,9349,14973,2.64,58290,54.681,9.6,0.906,2.53,,,,,,
League Total,1996-1997,26,82,1066,6216,10295,16511,2.92,63542,59.608,9.8,0.905,2.8,,,,,,
League Total,1995-1996,26,82,1066,6701,11166,17867,3.14,64503,60.509,10.4,0.898,3.04,,,,,,
League Total,1994-1995,26,48,624,3727,6201,9928,2.99,36618,58.683,10.2,0.901,2.89,,,,,,
League Total,1993-1994,26,84,1092,7081,11809,18890,3.24,66170,60.595,10.7,0.895,3.14,,,,,,
League Total,1992-1993,24,84,1008,7311,12315,19626,3.63,62464,61.968,11.7,0.885,3.53,,,,,,
League Total,1991-1992,22,80,880,6123,10299,16422,3.48,53689,61.01,11.4,0.888,3.37,,,,,,
League Total,1990-1991,21,80,840,5805,9748,15553,3.46,50082,59.621,11.6,0.886,3.35,,,,,,
League Total,1989-1990,21,80,840,6189,10347,16536,3.68,50846,60.531,12.2,0.881,3.56,,,,,,
League Total,1988-1989,21,80,840,6286,10505,16791,3.74,51024,60.743,12.3,0.879,3.63,,,,,,
League Total,1987-1988,21,80,840,6237,10375,16612,3.71,51139,60.88,12.2,0.88,3.62,,,,,,
League Total,1986-1987,21,80,840,6165,10199,16364,3.67,50407,60.008,12.2,0.88,3.56,,,,,,
League Total,1985-1986,21,80,840,6667,11027,17694,3.97,52169,62.106,12.8,0.874,3.87,,,,,,
League Total,1984-1985,21,80,840,6530,10870,17400,3.89,51387,61.175,12.7,0.875,3.79,,,,,,
League Total,1983-1984,21,80,840,6627,10889,17516,3.94,51406,61.198,12.9,0.873,3.84,,,,,,
League Total,1982-1983,21,80,840,6493,10689,17182,3.86,51326,61.102,12.7,0.875,3.8,,,,,,
League Total,1981-1982,21,80,840,6741,11173,17914,4.01,52269,62.225,12.9,0.873,3.95,,,,,,
League Total,1980-1981,21,80,840,6457,10532,16989,3.84,51261,61.025,12.6,0.876,3.78,,,,,,
League Total,1979-1980,21,80,840,5902,9592,15494,3.51,49386,58.793,12,0.883,3.46,,,,,,
League Total,1978-1979,17,80,680,4757,7820,12577,3.5,39964,58.771,11.9,0.883,3.45,,,,,,
League Total,1977-1978,18,80,720,4747,7745,12492,3.3,42168,58.567,11.3,0.889,3.26,,,,,,
League Total,1976-1977,18,80,720,4783,7787,12570,3.32,43226,60.036,11.1,0.891,3.28,,,,,,
League Total,1975-1976,18,80,720,4913,8025,12938,3.41,44069,61.207,11.1,0.89,3.37,,,,,,
League Total,1974-1975,18,80,720,4932,8026,12958,3.43,44345,61.59,11.1,0.89,3.38,,,,,,
League Total,1973-1974,16,78,624,3989,6483,10472,3.2,37885,60.713,10.5,0.896,3.16,,,,,,
League Total,1972-1973,16,78,624,4088,6716,10804,3.28,38815,62.204,10.5,0.896,3.24,,,,,,
League Total,1971-1972,14,78,546,3348,5404,8752,3.07,33842,61.982,9.9,0.903,3.02,,,,,,
League Total,1970-1971,14,78,546,3409,5569,8978,3.12,34813,63.76,9.8,0.903,3.09,,,,,,
League Total,1969-1970,12,76,456,2649,4276,6925,2.9,29786,65.32,8.9,0.912,2.88,,,,,,
League Total,1968-1969,12,76,456,2718,4477,7195,2.98,29316,64.289,9.3,0.908,2.95,,,,,,
League Total,1967-1968,12,74,444,2476,4020,6496,2.79,26997,60.804,9.2,0.91,2.75,,,,,,
League Total,1966-1967,6,70,210,1252,2054,3306,2.98,13351,63.576,9.4,0.907,2.96,,,,,,
League Total,1965-1966,6,70,210,1277,2114,3391,3.04,13230,63,9.7,0.904,3.02,,,,,,
League Total,1964-1965,6,70,210,1208,1960,3168,2.88,13076,62.267,9.2,0.909,2.85,,,,,,
League Total,1963-1964,6,70,210,1166,1915,3081,2.78,13784,65.638,8.5,0.916,2.75,,,,,,
League Total,1962-1963,6,70,210,1249,2024,3273,2.97,13363,63.633,9.3,0.908,2.93,,,,,,
League Total,1961-1962,6,70,210,1264,2090,3354,3.01,13299,63.329,9.5,0.906,2.98,,,,,,
League Total,1960-1961,6,70,210,1261,2080,3341,3,13523,64.395,9.3,0.908,2.96,,,,,,
League Total,1959-1960,6,70,210,1238,2061,3299,2.95,13276,63.219,9.3,0.908,2.92,,,,,,
League Total,1958-1959,6,70,210,1217,1987,3204,2.9,,,,0.906,2.87,,,,,,
League Total,1957-1958,6,70,210,1175,1942,3117,2.8,,,,0.909,2.78,,,,,,
League Total,1956-1957,6,70,210,1130,1821,2951,2.69,,,,0.911,2.65,,,,,,
League Total,1955-1956,6,70,210,1064,1691,2755,2.53,,,,0.919,2.49,,,,,,
League Total,1954-1955,6,70,210,1059,1652,2711,2.52,,,,,2.52,,,,,,
League Total,1953-1954,6,70,210,1009,1556,2565,2.4,,,,,2.37,,,,,,
League Total,1952-1953,6,70,210,1006,1513,2519,2.4,,,,,2.37,,,,,,
League Total,1951-1952,6,70,210,1090,1630,2720,2.6,,,,,2.56,,,,,,
League Total,1950-1951,6,70,210,1139,1637,2776,2.71,,,,,2.7,,,,,,
League Total,1949-1950,6,70,210,1148,1665,2813,2.73,,,,,2.73,,,,,,
League Total,1948-1949,6,60,180,978,1332,2310,2.72,,,,,2.72,,,,,,
League Total,1947-1948,6,60,180,1054,1444,2498,2.93,,,,,2.93,,,,,,
League Total,1946-1947,6,60,180,1138,1479,2617,3.16,,,,,3.16,,,,,,
League Total,1945-1946,6,50,150,1003,1144,2147,3.34,,,,,3.34,,,,,,
League Total,1944-1945,6,50,150,1103,1327,2430,3.68,,,,,3.67,,,,,,
League Total,1943-1944,6,50,150,1225,1752,2977,4.08,,,,,4.08,,,,,,
League Total,1942-1943,6,50,150,1083,1649,2732,3.61,,,,,3.6,,,,,,
League Total,1941-1942,7,48,168,1047,1623,2670,3.12,,,,,3.02,,,,,,
League Total,1940-1941,7,48,168,900,1351,2251,2.68,,,,,2.56,,,,,,
League Total,1939-1940,7,48,168,838,1230,2068,2.49,,,,,2.41,,,,,,
League Total,1938-1939,7,48,168,851,1317,2168,2.53,,,,,2.42,,,,,,
League Total,1937-1938,8,48,192,972,1362,2334,2.53,,,,,2.44,,,,,,
League Total,1936-1937,8,48,192,946,1201,2147,2.46,,,,,2.38,,,,,,
League Total,1935-1936,8,48,192,831,1167,1998,2.16,,,,,2.08,,,,,,
League Total,1934-1935,9,48,216,1087,1420,2507,2.52,,,,,2.44,,,,,,
League Total,1933-1934,9,48,216,1041,1181,2222,2.41,,,,,2.3,,,,,,
League Total,1932-1933,9,48,216,983,1191,2174,2.28,,,,,2.18,,,,,,
League Total,1931-1932,8,48,192,957,1003,1960,2.49,,,,,2.36,,,,,,
League Total,1930-1931,10,44,220,1054,977,2031,2.4,,,,,2.31,,,,,,
League Total,1929-1930,10,44,220,1301,1094,2395,2.96,,,,,2.85,,,,,,
League Total,1928-1929,10,44,220,642,385,1027,1.46,,,,,1.39,,,,,,
League Total,1927-1928,10,44,220,836,421,1257,1.9,,,,,1.83,,,,,,
League Total,1926-1927,10,44,220,879,425,1304,2,,,,,1.91,,,,,,
League Total,1925-1926,7,36,126,581,253,834,2.31,,,,,2.22,,,,,,
League Total,1924-1925,6,30,90,450,283,733,2.5,,,,,2.45,,,,,,
League Total,1923-1924,4,24,48,255,142,397,2.66,,,,,2.61,,,,,,
League Total,1922-1923,4,24,48,313,210,523,3.26,,,,,3.17,,,,,,
League Total,1921-1922,4,24,48,380,230,610,3.96,,,,,3.88,,,,,,
League Total,1920-1921,4,24,48,406,178,584,4.23,,,,,4.19,,,,,,
League Total,1919-1920,4,24,48,460,206,666,4.79,,,,,4.7,,,,,,
League Total,1918-1919,3,18,27,223,113,336,4.13,,,,,4.05,,,,,,
League Total,1917-1918,3,22,36,342,145,487,4.75,,,,,4.98,,,,,,
King Clancy,1921-1922,,,,,,,,,,,,,OTS,24,4,6,10,D
King Clancy,1922-1923,,,,,,,,,,,,,OTS,24,3,2,5,D
King Clancy,1923-1924,,,,,,,,,,,,,OTS,24,8,10,18,D
King Clancy,1924-1925,,,,,,,,,,,,,OTS,29,14,8,22,D
King Clancy,1925-1926,,,,,,,,,,,,,OTS,35,8,4,12,D
King Clancy,1926-1927,,,,,,,,,,,,,OTS,43,10,10,20,D
King Clancy,1927-1928,,,,,,,,,,,,,OTS,39,8,7,15,D
King Clancy,1928-1929,,,,,,,,,,,,,OTS,44,13,2,15,D
King Clancy,1929-1930,,,,,,,,,,,,,OTS,44,17,23,40,D
King Clancy,1930-1931,,,,,,,,,,,,,TOR,44,7,14,21,D
King Clancy,1931-1932,,,,,,,,,,,,,TOR,48,10,9,19,D
King Clancy,1932-1933,,,,,,,,,,,,,TOR,48,13,12,25,D
King Clancy,1933-1934,,,,,,,,,,,,,TOR,46,11,17,28,D
King Clancy,1934-1935,,,,,,,,,,,,,TOR,47,5,16,21,D
King Clancy,1935-1936,,,,,,,,,,,,,TOR,47,5,10,15,D
King Clancy,1936-1937,,,,,,,,,,,,,TOR,6,1,0,1,D
Howie Morenz,1923-1924,,,,,,,,,,,,,MTL,24,13,3,16,C
Howie Morenz,1924-1925,,,,,,,,,,,,,MTL,30,27,12,39,C
Howie Morenz,1925-1926,,,,,,,,,,,,,MTL,31,23,3,26,C
Howie Morenz,1926-1927,,,,,,,,,,,,,MTL,44,25,7,32,C
Howie Morenz,1927-1928,,,,,,,,,,,,,MTL,43,33,18,51,C
Howie Morenz,1928-1929,,,,,,,,,,,,,MTL,42,17,10,27,C
Howie Morenz,1929-1930,,,,,,,,,,,,,MTL,44,40,13,53,C
Howie Morenz,1930-1931,,,,,,,,,,,,,MTL,39,28,23,51,C
Howie Morenz,1931-1932,,,,,,,,,,,,,MTL,48,24,25,49,C
Howie Morenz,1932-1933,,,,,,,,,,,,,MTL,46,14,22,36,C
Howie Morenz,1933-1934,,,,,,,,,,,,,MTL,39,9,12,21,C
Howie Morenz,1934-1935,,,,,,,,,,,,,CBH,48,8,26,34,C
Howie Morenz,1935-1936,,,,,,,,,,,,,NYR,42,6,15,21,C
Howie Morenz,1936-1937,,,,,,,,,,,,,MTL,30,4,16,20,C
Eddie Shore,1926-1927,,,,,,,,,,,,,BOS,41,12,6,18,D
Eddie Shore,1927-1928,,,,,,,,,,,,,BOS,43,11,6,17,D
Eddie Shore,1928-1929,,,,,,,,,,,,,BOS,39,12,7,19,D
Eddie Shore,1929-1930,,,,,,,,,,,,,BOS,42,12,19,31,D
Eddie Shore,1930-1931,,,,,,,,,,,,,BOS,44,15,16,31,D
Eddie Shore,1931-1932,,,,,,,,,,,,,BOS,45,9,13,22,D
Eddie Shore,1932-1933,,,,,,,,,,,,,BOS,48,8,27,35,D
Eddie Shore,1933-1934,,,,,,,,,,,,,BOS,30,2,10,12,D
Eddie Shore,1934-1935,,,,,,,,,,,,,BOS,48,7,26,33,D
Eddie Shore,1935-1936,,,,,,,,,,,,,BOS,45,3,16,19,D
Eddie Shore,1936-1937,,,,,,,,,,,,,BOS,20,3,1,4,D
Eddie Shore,1937-1938,,,,,,,,,,,,,BOS,48,3,14,17,D
Eddie Shore,1938-1939,,,,,,,,,,,,,BOS,44,4,14,18,D
Eddie Shore,1939-1940,,,,,,,,,,,,,NYA,14,4,4,8,D
Charlie Conacher,1929-1930,,,,,,,,,,,,,TOR,39,20,9,29,RW
Charlie Conacher,1930-1931,,,,,,,,,,,,,TOR,38,31,12,43,RW
Charlie Conacher,1931-1932,,,,,,,,,,,,,TOR,44,34,14,48,RW
Charlie Conacher,1932-1933,,,,,,,,,,,,,TOR,40,14,19,33,RW
Charlie Conacher,1933-1934,,,,,,,,,,,,,TOR,42,32,20,52,RW
Charlie Conacher,1934-1935,,,,,,,,,,,,,TOR,47,36,21,57,RW
Charlie Conacher,1935-1936,,,,,,,,,,,,,TOR,44,23,15,38,RW
Charlie Conacher,1936-1937,,,,,,,,,,,,,TOR,15,3,5,8,RW
Charlie Conacher,1937-1938,,,,,,,,,,,,,TOR,19,7,9,16,RW
Charlie Conacher,1938-1939,,,,,,,,,,,,,DET,40,7,15,22,RW
Charlie Conacher,1939-1940,,,,,,,,,,,,,NYA,47,10,18,28,D
Charlie Conacher,1940-1941,,,,,,,,,,,,,NYA,46,7,15,22,D
Toe Blake,1934-1935,,,,,,,,,,,,,MTM,8,0,0,0,LW
Toe Blake,1935-1936,,,,,,,,,,,,,MTL,11,1,2,3,LW
Toe Blake,1936-1937,,,,,,,,,,,,,MTL,43,10,12,22,LW
Toe Blake,1937-1938,,,,,,,,,,,,,MTL,43,17,16,33,LW
Toe Blake,1938-1939,,,,,,,,,,,,,MTL,48,24,23,47,LW
Toe Blake,1939-1940,,,,,,,,,,,,,MTL,48,17,21,38,LW
Toe Blake,1940-1941,,,,,,,,,,,,,MTL,48,12,20,32,LW
Toe Blake,1941-1942,,,,,,,,,,,,,MTL,48,17,28,45,LW
Toe Blake,1942-1943,,,,,,,,,,,,,MTL,48,23,36,59,LW
Toe Blake,1943-1944,,,,,,,,,,,,,MTL,41,26,33,59,LW
Toe Blake,1944-1945,,,,,,,,,,,,,MTL,49,29,38,67,LW
Toe Blake,1945-1946,,,,,,,,,,,,,MTL,50,29,21,50,LW
Toe Blake,1946-1947,,,,,,,,,,,,,MTL,60,21,29,50,LW
Toe Blake,1947-1948,,,,,,,,,,,,,MTL,32,9,15,24,LW
Milt Schmidt,1936-1937,,,,,,,,,,,,,BOS,26,2,8,10,C
Milt Schmidt,1937-1938,,,,,,,,,,,,,BOS,44,13,14,27,C
Milt Schmidt,1938-1939,,,,,,,,,,,,,BOS,41,15,17,32,C
Milt Schmidt,1939-1940,,,,,,,,,,,,,BOS,48,22,30,52,C
Milt Schmidt,1940-1941,,,,,,,,,,,,,BOS,45,13,25,38,C
Milt Schmidt,1941-1942,,,,,,,,,,,,,BOS,36,14,21,35,C
Milt Schmidt,1945-1946,,,,,,,,,,,,,BOS,48,13,18,31,C
Milt Schmidt,1946-1947,,,,,,,,,,,,,BOS,59,27,35,62,C
Milt Schmidt,1947-1948,,,,,,,,,,,,,BOS,33,9,17,26,C
Milt Schmidt,1948-1949,,,,,,,,,,,,,BOS,44,10,22,32,C
Milt Schmidt,1949-1950,,,,,,,,,,,,,BOS,68,19,22,41,C
Milt Schmidt,1950-1951,,,,,,,,,,,,,BOS,62,22,39,61,C
Milt Schmidt,1951-1952,,,,,,,,,,,,,BOS,69,21,29,50,C
Milt Schmidt,1952-1953,,,,,,,,,,,,,BOS,68,11,23,34,C
Milt Schmidt,1953-1954,,,,,,,,,,,,,BOS,62,14,18,32,C
Milt Schmidt,1954-1955,,,,,,,,,,,,,BOS,23,4,8,12,C
Syl Apps,1936-1937,,,,,,,,,,,,,TOR,48,16,29,45,C
Syl Apps,1937-1938,,,,,,,,,,,,,TOR,47,21,29,50,C
Syl Apps,1938-1939,,,,,,,,,,,,,TOR,44,15,25,40,C
Syl Apps,1939-1940,,,,,,,,,,,,,TOR,27,13,17,30,C
Syl Apps,1940-1941,,,,,,,,,,,,,TOR,41,20,24,44,C
Syl Apps,1941-1942,,,,,,,,,,,,,TOR,38,18,23,41,C
Syl Apps,1942-1943,,,,,,,,,,,,,TOR,29,23,17,40,C
Syl Apps,1945-1946,,,,,,,,,,,,,TOR,40,24,16,40,C
Syl Apps,1946-1947,,,,,,,,,,,,,TOR,54,25,24,49,C
Syl Apps,1947-1948,,,,,,,,,,,,,TOR,55,26,27,53,C
Sid Abel,1938-1939,,,,,,,,,,,,,DET,15,1,1,2,LW
Sid Abel,1939-1940,,,,,,,,,,,,,DET,24,1,5,6,LW
Sid Abel,1940-1941,,,,,,,,,,,,,DET,47,10,22,32,C
Sid Abel,1941-1942,,,,,,,,,,,,,DET,48,18,31,49,C
Sid Abel,1942-1943,,,,,,,,,,,,,DET,49,18,24,42,LW
Sid Abel,1945-1946,,,,,,,,,,,,,DET,7,0,3,3,C
Sid Abel,1946-1947,,,,,,,,,,,,,DET,60,19,29,48,C
Sid Abel,1947-1948,,,,,,,,,,,,,DET,60,14,30,44,C
Sid Abel,1948-1949,,,,,,,,,,,,,DET,60,28,26,54,C
Sid Abel,1949-1950,,,,,,,,,,,,,DET,69,34,35,69,C
Sid Abel,1950-1951,,,,,,,,,,,,,DET,69,23,38,61,C
Sid Abel,1951-1952,,,,,,,,,,,,,DET,62,17,36,53,C
Sid Abel,1952-1953,,,,,,,,,,,,,CBH,39,5,4,9,C
Sid Abel,1953-1954,,,,,,,,,,,,,CBH,3,0,0,0,C
Elmer Lach,1940-1941,,,,,,,,,,,,,MTL,43,7,14,21,C
Elmer Lach,1941-1942,,,,,,,,,,,,,MTL,1,0,1,1,C
Elmer Lach,1942-1943,,,,,,,,,,,,,MTL,45,18,40,58,C
Elmer Lach,1943-1944,,,,,,,,,,,,,MTL,48,24,48,72,C
Elmer Lach,1944-1945,,,,,,,,,,,,,MTL,50,26,54,80,C
Elmer Lach,1945-1946,,,,,,,,,,,,,MTL,50,13,34,47,C
Elmer Lach,1946-1947,,,,,,,,,,,,,MTL,31,14,16,30,C
Elmer Lach,1947-1948,,,,,,,,,,,,,MTL,60,30,31,61,C
Elmer Lach,1948-1949,,,,,,,,,,,,,MTL,36,11,18,29,C
Elmer Lach,1949-1950,,,,,,,,,,,,,MTL,64,15,33,48,C
Elmer Lach,1950-1951,,,,,,,,,,,,,MTL,65,21,24,45,C
Elmer Lach,1951-1952,,,,,,,,,,,,,MTL,70,15,50,65,C
Elmer Lach,1952-1953,,,,,,,,,,,,,MTL,53,16,25,41,C
Elmer Lach,1953-1954,,,,,,,,,,,,,MTL,48,5,20,25,C
Max Bentley,1940-1941,,,,,,,,,,,,,CBH,36,7,10,17,C
Max Bentley,1941-1942,,,,,,,,,,,,,CBH,39,13,17,30,C
Max Bentley,1942-1943,,,,,,,,,,,,,CBH,47,26,44,70,C
Max Bentley,1945-1946,,,,,,,,,,,,,CBH,47,31,30,61,C
Max Bentley,1946-1947,,,,,,,,,,,,,CBH,60,29,43,72,C
Max Bentley,1947-1948,,,,,,,,,,,,,TOR,59,26,28,54,C
Max Bentley,1948-1949,,,,,,,,,,,,,TOR,60,19,22,41,C
Max Bentley,1949-1950,,,,,,,,,,,,,TOR,69,23,18,41,C
Max Bentley,1950-1951,,,,,,,,,,,,,TOR,67,21,41,62,C
Max Bentley,1951-1952,,,,,,,,,,,,,TOR,69,24,17,41,C
Max Bentley,1952-1953,,,,,,,,,,,,,TOR,36,12,11,23,C
Max Bentley,1953-1954,,,,,,,,,,,,,NYR,57,14,18,32,C
Maurice Richard,1942-1943,,,,,,,,,,,,,MTL,16,5,6,11,RW
Maurice Richard,1943-1944,,,,,,,,,,,,,MTL,46,32,22,54,RW
Maurice Richard,1944-1945,,,,,,,,,,,,,MTL,50,50,23,73,RW
Maurice Richard,1945-1946,,,,,,,,,,,,,MTL,50,27,22,49,RW
Maurice Richard,1946-1947,,,,,,,,,,,,,MTL,60,45,26,71,RW
Maurice Richard,1947-1948,,,,,,,,,,,,,MTL,53,28,25,53,RW
Maurice Richard,1948-1949,,,,,,,,,,,,,MTL,59,20,18,38,RW
Maurice Richard,1949-1950,,,,,,,,,,,,,MTL,70,43,22,65,RW
Maurice Richard,1950-1951,,,,,,,,,,,,,MTL,65,42,24,66,RW
Maurice Richard,1951-1952,,,,,,,,,,,,,MTL,48,27,17,44,RW
Maurice Richard,1952-1953,,,,,,,,,,,,,MTL,70,28,33,61,RW
Maurice Richard,1953-1954,,,,,,,,,,,,,MTL,70,37,30,67,RW
Maurice Richard,1954-1955,,,,,,,,,,,,,MTL,67,38,36,74,RW
Maurice Richard,1955-1956,,,,,,,,,,,,,MTL,70,38,33,71,RW
Maurice Richard,1956-1957,,,,,,,,,,,,,MTL,63,33,29,62,RW
Maurice Richard,1957-1958,,,,,,,,,,,,,MTL,28,15,19,34,RW
Maurice Richard,1958-1959,,,,,,,,,,,,,MTL,42,17,21,38,RW
Maurice Richard,1959-1960,,,,,,,,,,,,,MTL,51,19,16,35,RW
Ted Kennedy,1942-1943,,,,,,,,,,,,,TOR,2,0,1,1,C
Ted Kennedy,1943-1944,,,,,,,,,,,,,TOR,49,25,24,49,C
Ted Kennedy,1944-1945,,,,,,,,,,,,,TOR,49,29,25,54,C
Ted Kennedy,1945-1946,,,,,,,,,,,,,TOR,21,3,2,5,C
Ted Kennedy,1946-1947,,,,,,,,,,,,,TOR,60,28,32,60,C
Ted Kennedy,1947-1948,,,,,,,,,,,,,TOR,60,25,21,46,C
Ted Kennedy,1948-1949,,,,,,,,,,,,,TOR,59,18,21,39,C
Ted Kennedy,1949-1950,,,,,,,,,,,,,TOR,53,20,24,44,C
Ted Kennedy,1950-1951,,,,,,,,,,,,,TOR,63,18,43,61,C
Ted Kennedy,1951-1952,,,,,,,,,,,,,TOR,70,19,33,52,C
Ted Kennedy,1952-1953,,,,,,,,,,,,,TOR,43,14,23,37,C
Ted Kennedy,1953-1954,,,,,,,,,,,,,TOR,67,15,23,38,C
Ted Kennedy,1954-1955,,,,,,,,,,,,,TOR,70,10,42,52,C
Ted Kennedy,1956-1957,,,,,,,,,,,,,TOR,30,6,16,22,C
Ted Lindsay,1944-1945,,,,,,,,,,,,,DET,45,17,6,23,LW
Ted Lindsay,1945-1946,,,,,,,,,,,,,DET,47,7,10,17,LW
Ted Lindsay,1946-1947,,,,,,,,,,,,,DET,59,27,15,42,LW
Ted Lindsay,1947-1948,,,,,,,,,,,,,DET,60,33,19,52,LW
Ted Lindsay,1948-1949,,,,,,,,,,,,,DET,50,26,28,54,LW
Ted Lindsay,1949-1950,,,,,,,,,,,,,DET,69,23,55,78,LW
Ted Lindsay,1950-1951,,,,,,,,,,,,,DET,67,24,35,59,LW
Ted Lindsay,1951-1952,,,,,,,,,,,,,DET,70,30,39,69,LW
Ted Lindsay,1952-1953,,,,,,,,,,,,,DET,70,32,39,71,LW
Ted Lindsay,1953-1954,,,,,,,,,,,,,DET,70,26,36,62,LW
Ted Lindsay,1954-1955,,,,,,,,,,,,,DET,49,19,19,38,LW
Ted Lindsay,1955-1956,,,,,,,,,,,,,DET,67,27,23,50,LW
Ted Lindsay,1956-1957,,,,,,,,,,,,,DET,70,30,55,85,LW
Ted Lindsay,1957-1958,,,,,,,,,,,,,CBH,68,15,24,39,LW
Ted Lindsay,1958-1959,,,,,,,,,,,,,CBH,70,22,36,58,LW
Ted Lindsay,1959-1960,,,,,,,,,,,,,CBH,68,7,19,26,LW
Ted Lindsay,1964-1965,,,,,,,,,,,,,DET,69,14,14,28,LW
Gordie Howe,1946-1947,,,,,,,,,,,,,DET,58,7,15,22,RW
Gordie Howe,1947-1948,,,,,,,,,,,,,DET,60,16,28,44,RW
Gordie Howe,1948-1949,,,,,,,,,,,,,DET,40,12,25,37,RW
Gordie Howe,1949-1950,,,,,,,,,,,,,DET,70,35,33,68,RW
Gordie Howe,1950-1951,,,,,,,,,,,,,DET,70,43,43,86,RW
Gordie Howe,1951-1952,,,,,,,,,,,,,DET,70,47,39,86,RW
Gordie Howe,1952-1953,,,,,,,,,,,,,DET,70,49,46,95,RW
Gordie Howe,1953-1954,,,,,,,,,,,,,DET,70,33,48,81,RW
Gordie Howe,1954-1955,,,,,,,,,,,,,DET,64,29,33,62,RW
Gordie Howe,1955-1956,,,,,,,,,,,,,DET,70,38,41,79,RW
Gordie Howe,1956-1957,,,,,,,,,,,,,DET,70,44,45,89,RW
Gordie Howe,1957-1958,,,,,,,,,,,,,DET,64,33,44,77,RW
Gordie Howe,1958-1959,,,,,,,,,,,,,DET,70,32,46,78,RW
Gordie Howe,1959-1960,,,,,,,,,,,,,DET,70,28,45,73,RW
Gordie Howe,1960-1961,,,,,,,,,,,,,DET,64,23,49,72,RW
Gordie Howe,1961-1962,,,,,,,,,,,,,DET,70,33,44,77,RW
Gordie Howe,1962-1963,,,,,,,,,,,,,DET,70,38,48,86,RW
Gordie Howe,1963-1964,,,,,,,,,,,,,DET,69,26,47,73,RW
Gordie Howe,1964-1965,,,,,,,,,,,,,DET,70,29,47,76,RW
Gordie Howe,1965-1966,,,,,,,,,,,,,DET,70,29,46,75,RW
Gordie Howe,1966-1967,,,,,,,,,,,,,DET,69,25,40,65,RW
Gordie Howe,1967-1968,,,,,,,,,,,,,DET,74,39,43,82,RW
Gordie Howe,1968-1969,,,,,,,,,,,,,DET,76,44,59,103,RW
Gordie Howe,1969-1970,,,,,,,,,,,,,DET,76,31,40,71,RW
Gordie Howe,1970-1971,,,,,,,,,,,,,DET,63,23,29,52,RW
Gordie Howe,1973-1974,,,,,,,,,,,,,HSA,70,31,69,100,RW
Gordie Howe,1974-1975,,,,,,,,,,,,,HSA,75,34,65,99,RW
Gordie Howe,1975-1976,,,,,,,,,,,,,HSA,78,32,70,102,RW
Gordie Howe,1976-1977,,,,,,,,,,,,,HSA,62,24,44,68,RW
Gordie Howe,1977-1978,,,,,,,,,,,,,NEW,76,34,62,96,RW
Gordie Howe,1978-1979,,,,,,,,,,,,,NEW,58,19,24,43,RW
Gordie Howe,1979-1980,,,,,,,,,,,,,HAR,80,15,26,41,RW
Red Kelly,1947-1948,,,,,,,,,,,,,DET,60,6,14,20,D
Red Kelly,1948-1949,,,,,,,,,,,,,DET,59,5,11,16,D
Red Kelly,1949-1950,,,,,,,,,,,,,DET,70,15,25,40,D
Red Kelly,1950-1951,,,,,,,,,,,,,DET,70,17,37,54,D
Red Kelly,1951-1952,,,,,,,,,,,,,DET,67,16,31,47,D
Red Kelly,1952-1953,,,,,,,,,,,,,DET,70,19,27,46,D
Red Kelly,1953-1954,,,,,,,,,,,,,DET,62,16,33,49,D
Red Kelly,1954-1955,,,,,,,,,,,,,DET,70,15,30,45,D
Red Kelly,1955-1956,,,,,,,,,,,,,DET,70,16,34,50,D
Red Kelly,1956-1957,,,,,,,,,,,,,DET,70,10,25,35,D
Red Kelly,1957-1958,,,,,,,,,,,,,DET,61,13,18,31,D
Red Kelly,1958-1959,,,,,,,,,,,,,DET,67,8,13,21,D
Red Kelly,1959-1960,,,,,,,,,,,,,TOR,68,12,17,29,D
Red Kelly,1960-1961,,,,,,,,,,,,,TOR,64,20,50,70,C
Red Kelly,1961-1962,,,,,,,,,,,,,TOR,58,22,27,49,C
Red Kelly,1962-1963,,,,,,,,,,,,,TOR,66,20,40,60,C
Red Kelly,1963-1964,,,,,,,,,,,,,TOR,70,11,34,45,C
Red Kelly,1964-1965,,,,,,,,,,,,,TOR,70,18,28,46,C
Red Kelly,1965-1966,,,,,,,,,,,,,TOR,63,8,24,32,C
Red Kelly,1966-1967,,,,,,,,,,,,,TOR,61,14,24,38,C
Doug Harvey,1947-1948,,,,,,,,,,,,,MTL,35,4,4,8,D
Doug Harvey,1948-1949,,,,,,,,,,,,,MTL,55,3,13,16,D
Doug Harvey,1949-1950,,,,,,,,,,,,,MTL,70,4,20,24,D
Doug Harvey,1950-1951,,,,,,,,,,,,,MTL,70,5,24,29,D
Doug Harvey,1951-1952,,,,,,,,,,,,,MTL,68,6,23,29,D
Doug Harvey,1952-1953,,,,,,,,,,,,,MTL,69,4,30,34,D
Doug Harvey,1953-1954,,,,,,,,,,,,,MTL,68,8,29,37,D
Doug Harvey,1954-1955,,,,,,,,,,,,,MTL,70,6,43,49,D
Doug Harvey,1955-1956,,,,,,,,,,,,,MTL,62,5,39,44,D
Doug Harvey,1956-1957,,,,,,,,,,,,,MTL,70,6,44,50,D
Doug Harvey,1957-1958,,,,,,,,,,,,,MTL,68,9,32,41,D
Doug Harvey,1958-1959,,,,,,,,,,,,,MTL,61,4,16,20,D
Doug Harvey,1959-1960,,,,,,,,,,,,,MTL,66,6,21,27,D
Doug Harvey,1960-1961,,,,,,,,,,,,,MTL,58,6,33,39,D
Doug Harvey,1961-1962,,,,,,,,,,,,,NYR,69,6,24,30,D
Doug Harvey,1962-1963,,,,,,,,,,,,,NYR,68,4,35,39,D
Doug Harvey,1963-1964,,,,,,,,,,,,,NYR,14,0,2,2,D
Doug Harvey,1966-1967,,,,,,,,,,,,,DET,2,0,0,0,D
Doug Harvey,1968-1969,,,,,,,,,,,,,STL,70,2,20,22,D
Tim Horton,1949-1950,,,,,,,,,,,,,TOR,1,0,0,0,D
Tim Horton,1951-1952,,,,,,,,,,,,,TOR,4,0,0,0,D
Tim Horton,1952-1953,,,,,,,,,,,,,TOR,70,2,14,16,D
Tim Horton,1953-1954,,,,,,,,,,,,,TOR,70,7,24,31,D
Tim Horton,1954-1955,,,,,,,,,,,,,TOR,66,5,9,14,D
Tim Horton,1955-1956,,,,,,,,,,,,,TOR,35,0,5,5,D
Tim Horton,1956-1957,,,,,,,,,,,,,TOR,66,6,19,25,D
Tim Horton,1957-1958,,,,,,,,,,,,,TOR,53,6,20,26,D
Tim Horton,1958-1959,,,,,,,,,,,,,TOR,70,5,21,26,D
Tim Horton,1959-1960,,,,,,,,,,,,,TOR,70,3,29,32,D
Tim Horton,1960-1961,,,,,,,,,,,,,TOR,57,6,15,21,D
Tim Horton,1961-1962,,,,,,,,,,,,,TOR,70,10,28,38,D
Tim Horton,1962-1963,,,,,,,,,,,,,TOR,70,6,19,25,D
Tim Horton,1963-1964,,,,,,,,,,,,,TOR,70,9,20,29,D
Tim Horton,1964-1965,,,,,,,,,,,,,TOR,70,12,16,28,D
Tim Horton,1965-1966,,,,,,,,,,,,,TOR,70,6,22,28,D
Tim Horton,1966-1967,,,,,,,,,,,,,TOR,70,8,17,25,D
Tim Horton,1967-1968,,,,,,,,,,,,,TOR,69,4,23,27,D
Tim Horton,1968-1969,,,,,,,,,,,,,TOR,74,11,29,40,D
Tim Horton,1969-1970,,,,,,,,,,,,,TOR,74,4,24,28,D
Tim Horton,1970-1971,,,,,,,,,,,,,NYR,78,2,18,20,D
Tim Horton,1971-1972,,,,,,,,,,,,,PIT,44,2,9,11,D
Tim Horton,1972-1973,,,,,,,,,,,,,BUF,69,1,16,17,D
Tim Horton,1973-1974,,,,,,,,,,,,,BUF,55,0,6,6,D
Bernie Geoffrion,1950-1951,,,,,,,,,,,,,MTL,18,8,6,14,RW
Bernie Geoffrion,1951-1952,,,,,,,,,,,,,MTL,67,30,24,54,RW
Bernie Geoffrion,1952-1953,,,,,,,,,,,,,MTL,65,22,17,39,RW
Bernie Geoffrion,1953-1954,,,,,,,,,,,,,MTL,54,29,25,54,RW
Bernie Geoffrion,1954-1955,,,,,,,,,,,,,MTL,70,38,37,75,RW
Bernie Geoffrion,1955-1956,,,,,,,,,,,,,MTL,59,29,33,62,RW
Bernie Geoffrion,1956-1957,,,,,,,,,,,,,MTL,41,19,21,40,RW
Bernie Geoffrion,1957-1958,,,,,,,,,,,,,MTL,42,27,23,50,RW
Bernie Geoffrion,1958-1959,,,,,,,,,,,,,MTL,59,22,44,66,RW
Bernie Geoffrion,1959-1960,,,,,,,,,,,,,MTL,59,30,41,71,RW
Bernie Geoffrion,1960-1961,,,,,,,,,,,,,MTL,64,50,45,95,RW
Bernie Geoffrion,1961-1962,,,,,,,,,,,,,MTL,62,23,36,59,RW
Bernie Geoffrion,1962-1963,,,,,,,,,,,,,MTL,51,23,18,41,RW
Bernie Geoffrion,1963-1964,,,,,,,,,,,,,MTL,55,21,18,39,RW
Bernie Geoffrion,1966-1967,,,,,,,,,,,,,NYR,58,17,25,42,RW
Bernie Geoffrion,1967-1968,,,,,,,,,,,,,NYR,59,5,16,21,RW
Alex Delvecchio,1950-1951,,,,,,,,,,,,,DET,1,0,0,0,C
Alex Delvecchio,1951-1952,,,,,,,,,,,,,DET,65,15,22,37,C
Alex Delvecchio,1952-1953,,,,,,,,,,,,,DET,70,16,43,59,C
Alex Delvecchio,1953-1954,,,,,,,,,,,,,DET,69,11,18,29,C
Alex Delvecchio,1954-1955,,,,,,,,,,,,,DET,70,17,31,48,C
Alex Delvecchio,1955-1956,,,,,,,,,,,,,DET,70,25,26,51,C
Alex Delvecchio,1956-1957,,,,,,,,,,,,,DET,48,16,25,41,C
Alex Delvecchio,1957-1958,,,,,,,,,,,,,DET,70,21,38,59,C
Alex Delvecchio,1958-1959,,,,,,,,,,,,,DET,70,19,35,54,LW
Alex Delvecchio,1959-1960,,,,,,,,,,,,,DET,70,19,28,47,C
Alex Delvecchio,1960-1961,,,,,,,,,,,,,DET,70,27,35,62,C
Alex Delvecchio,1961-1962,,,,,,,,,,,,,DET,70,26,43,69,C
Alex Delvecchio,1962-1963,,,,,,,,,,,,,DET,70,20,44,64,C
Alex Delvecchio,1963-1964,,,,,,,,,,,,,DET,70,23,30,53,C
Alex Delvecchio,1964-1965,,,,,,,,,,,,,DET,68,25,42,67,C
Alex Delvecchio,1965-1966,,,,,,,,,,,,,DET,70,31,38,69,C
Alex Delvecchio,1966-1967,,,,,,,,,,,,,DET,70,17,38,55,C
Alex Delvecchio,1967-1968,,,,,,,,,,,,,DET,74,22,48,70,C
Alex Delvecchio,1968-1969,,,,,,,,,,,,,DET,72,25,58,83,C
Alex Delvecchio,1969-1970,,,,,,,,,,,,,DET,73,21,47,68,C
Alex Delvecchio,1970-1971,,,,,,,,,,,,,DET,77,21,34,55,C
Alex Delvecchio,1971-1972,,,,,,,,,,,,,DET,75,20,45,65,C
Alex Delvecchio,1972-1973,,,,,,,,,,,,,DET,77,18,53,71,C
Alex Delvecchio,1973-1974,,,,,,,,,,,,,DET,11,1,4,5,C
Jean Béliveau,1950-1951,,,,,,,,,,,,,MTL,2,1,1,2,C
Jean Béliveau,1952-1953,,,,,,,,,,,,,MTL,3,5,0,5,C
Jean Béliveau,1953-1954,,,,,,,,,,,,,MTL,44,13,21,34,C
Jean Béliveau,1954-1955,,,,,,,,,,,,,MTL,70,37,36,73,C
Jean Béliveau,1955-1956,,,,,,,,,,,,,MTL,70,47,41,88,C
Jean Béliveau,1956-1957,,,,,,,,,,,,,MTL,69,33,51,84,C
Jean Béliveau,1957-1958,,,,,,,,,,,,,MTL,55,27,32,59,C
Jean Béliveau,1958-1959,,,,,,,,,,,,,MTL,64,45,46,91,C
Jean Béliveau,1959-1960,,,,,,,,,,,,,MTL,60,34,40,74,C
Jean Béliveau,1960-1961,,,,,,,,,,,,,MTL,69,32,58,90,C
Jean Béliveau,1961-1962,,,,,,,,,,,,,MTL,43,18,23,41,C
Jean Béliveau,1962-1963,,,,,,,,,,,,,MTL,69,18,49,67,C
Jean Béliveau,1963-1964,,,,,,,,,,,,,MTL,68,28,50,78,C
Jean Béliveau,1964-1965,,,,,,,,,,,,,MTL,58,20,23,43,C
Jean Béliveau,1965-1966,,,,,,,,,,,,,MTL,67,29,48,77,C
Jean Béliveau,1966-1967,,,,,,,,,,,,,MTL,53,12,26,38,C
Jean Béliveau,1967-1968,,,,,,,,,,,,,MTL,59,31,37,68,C
Jean Béliveau,1968-1969,,,,,,,,,,,,,MTL,69,33,49,82,C
Jean Béliveau,1969-1970,,,,,,,,,,,,,MTL,63,19,30,49,C
Jean Béliveau,1970-1971,,,,,,,,,,,,,MTL,70,25,51,76,C
Dickie Moore,1951-1952,,,,,,,,,,,,,MTL,33,18,15,33,LW
Dickie Moore,1952-1953,,,,,,,,,,,,,MTL,18,2,6,8,LW
Dickie Moore,1953-1954,,,,,,,,,,,,,MTL,13,1,4,5,LW
Dickie Moore,1954-1955,,,,,,,,,,,,,MTL,67,16,20,36,LW
Dickie Moore,1955-1956,,,,,,,,,,,,,MTL,70,11,38,49,LW
Dickie Moore,1956-1957,,,,,,,,,,,,,MTL,70,29,29,58,LW
Dickie Moore,1957-1958,,,,,,,,,,,,,MTL,70,36,48,84,LW
Dickie Moore,1958-1959,,,,,,,,,,,,,MTL,70,41,55,96,LW
Dickie Moore,1959-1960,,,,,,,,,,,,,MTL,62,22,42,64,LW
Dickie Moore,1960-1961,,,,,,,,,,,,,MTL,57,35,34,69,LW
Dickie Moore,1961-1962,,,,,,,,,,,,,MTL,57,19,22,41,LW
Dickie Moore,1962-1963,,,,,,,,,,,,,MTL,67,24,26,50,LW
Dickie Moore,1964-1965,,,,,,,,,,,,,TOR,38,2,4,6,LW
Dickie Moore,1967-1968,,,,,,,,,,,,,STL,27,5,3,8,LW
Andy Bathgate,1952-1953,,,,,,,,,,,,,NYR,18,0,1,1,RW
Andy Bathgate,1953-1954,,,,,,,,,,,,,NYR,20,2,2,4,RW
Andy Bathgate,1954-1955,,,,,,,,,,,,,NYR,70,20,20,40,RW
Andy Bathgate,1955-1956,,,,,,,,,,,,,NYR,70,19,47,66,RW
Andy Bathgate,1956-1957,,,,,,,,,,,,,NYR,70,27,50,77,RW
Andy Bathgate,1957-1958,,,,,,,,,,,,,NYR,65,30,48,78,RW
Andy Bathgate,1958-1959,,,,,,,,,,,,,NYR,70,40,48,88,RW
Andy Bathgate,1959-1960,,,,,,,,,,,,,NYR,70,26,48,74,RW
Andy Bathgate,1960-1961,,,,,,,,,,,,,NYR,70,29,48,77,RW
Andy Bathgate,1961-1962,,,,,,,,,,,,,NYR,70,28,56,84,RW
Andy Bathgate,1962-1963,,,,,,,,,,,,,NYR,70,35,46,81,RW
Andy Bathgate,1963-1964,,,,,,,,,,,,,TOR,71,19,58,77,RW
Andy Bathgate,1964-1965,,,,,,,,,,,,,TOR,55,16,29,45,RW
Andy Bathgate,1965-1966,,,,,,,,,,,,,DET,70,15,32,47,RW
Andy Bathgate,1966-1967,,,,,,,,,,,,,DET,60,8,23,31,C
Andy Bathgate,1967-1968,,,,,,,,,,,,,PIT,74,20,39,59,RW
Andy Bathgate,1970-1971,,,,,,,,,,,,,PIT,76,15,29,44,RW
Andy Bathgate,1974-1975,,,,,,,,,,,,,VNB,11,1,6,7,RW
Henri Richard,1955-1956,,,,,,,,,,,,,MTL,64,19,21,40,C
Henri Richard,1956-1957,,,,,,,,,,,,,MTL,63,18,36,54,C
Henri Richard,1957-1958,,,,,,,,,,,,,MTL,67,28,52,80,C
Henri Richard,1958-1959,,,,,,,,,,,,,MTL,63,21,30,51,C
Henri Richard,1959-1960,,,,,,,,,,,,,MTL,70,30,43,73,C
Henri Richard,1960-1961,,,,,,,,,,,,,MTL,70,24,44,68,C
Henri Richard,1961-1962,,,,,,,,,,,,,MTL,53,21,29,50,C
Henri Richard,1962-1963,,,,,,,,,,,,,MTL,67,23,50,73,C
Henri Richard,1963-1964,,,,,,,,,,,,,MTL,66,14,39,53,C
Henri Richard,1964-1965,,,,,,,,,,,,,MTL,53,23,29,52,C
Henri Richard,1965-1966,,,,,,,,,,,,,MTL,62,22,39,61,C
Henri Richard,1966-1967,,,,,,,,,,,,,MTL,65,21,34,55,C
Henri Richard,1967-1968,,,,,,,,,,,,,MTL,54,9,19,28,C
Henri Richard,1968-1969,,,,,,,,,,,,,MTL,64,15,37,52,C
Henri Richard,1969-1970,,,,,,,,,,,,,MTL,62,16,36,52,C
Henri Richard,1970-1971,,,,,,,,,,,,,MTL,75,12,37,49,C
Henri Richard,1971-1972,,,,,,,,,,,,,MTL,78,12,32,44,C
Henri Richard,1972-1973,,,,,,,,,,,,,MTL,71,8,35,43,C
Henri Richard,1973-1974,,,,,,,,,,,,,MTL,75,19,36,55,C
Henri Richard,1974-1975,,,,,,,,,,,,,MTL,16,3,10,13,C
Johnny Bucyk,1955-1956,,,,,,,,,,,,,DET,38,1,8,9,LW
Johnny Bucyk,1956-1957,,,,,,,,,,,,,DET,66,10,11,21,LW
Johnny Bucyk,1957-1958,,,,,,,,,,,,,BOS,68,21,31,52,LW
Johnny Bucyk,1958-1959,,,,,,,,,,,,,BOS,69,24,36,60,LW
Johnny Bucyk,1959-1960,,,,,,,,,,,,,BOS,56,16,36,52,LW
Johnny Bucyk,1960-1961,,,,,,,,,,,,,BOS,70,19,20,39,LW
Johnny Bucyk,1961-1962,,,,,,,,,,,,,BOS,67,20,40,60,LW
Johnny Bucyk,1962-1963,,,,,,,,,,,,,BOS,69,27,39,66,LW
Johnny Bucyk,1963-1964,,,,,,,,,,,,,BOS,62,18,36,54,LW
Johnny Bucyk,1964-1965,,,,,,,,,,,,,BOS,68,26,29,55,LW
Johnny Bucyk,1965-1966,,,,,,,,,,,,,BOS,63,27,30,57,LW
Johnny Bucyk,1966-1967,,,,,,,,,,,,,BOS,59,18,30,48,LW
Johnny Bucyk,1967-1968,,,,,,,,,,,,,BOS,72,30,39,69,LW
Johnny Bucyk,1968-1969,,,,,,,,,,,,,BOS,70,24,42,66,LW
Johnny Bucyk,1969-1970,,,,,,,,,,,,,BOS,76,31,38,69,LW
Johnny Bucyk,1970-1971,,,,,,,,,,,,,BOS,78,51,65,116,LW
Johnny Bucyk,1971-1972,,,,,,,,,,,,,BOS,78,32,51,83,LW
Johnny Bucyk,1972-1973,,,,,,,,,,,,,BOS,78,40,53,93,LW
Johnny Bucyk,1973-1974,,,,,,,,,,,,,BOS,76,31,44,75,LW
Johnny Bucyk,1974-1975,,,,,,,,,,,,,BOS,78,29,52,81,LW
Johnny Bucyk,1975-1976,,,,,,,,,,,,,BOS,77,36,47,83,LW
Johnny Bucyk,1976-1977,,,,,,,,,,,,,BOS,49,20,23,43,LW
Johnny Bucyk,1977-1978,,,,,,,,,,,,,BOS,53,5,13,18,LW
Frank Mahovlich,1956-1957,,,,,,,,,,,,,TOR,3,1,0,1,LW
Frank Mahovlich,1957-1958,,,,,,,,,,,,,TOR,67,20,16,36,LW
Frank Mahovlich,1958-1959,,,,,,,,,,,,,TOR,63,22,27,49,LW
Frank Mahovlich,1959-1960,,,,,,,,,,,,,TOR,70,18,21,39,LW
Frank Mahovlich,1960-1961,,,,,,,,,,,,,TOR,70,48,36,84,C
Frank Mahovlich,1961-1962,,,,,,,,,,,,,TOR,70,33,38,71,C
Frank Mahovlich,1962-1963,,,,,,,,,,,,,TOR,67,36,37,73,C
Frank Mahovlich,1963-1964,,,,,,,,,,,,,TOR,70,26,29,55,LW
Frank Mahovlich,1964-1965,,,,,,,,,,,,,TOR,59,23,28,51,LW
Frank Mahovlich,1965-1966,,,,,,,,,,,,,TOR,68,32,24,56,LW
Frank Mahovlich,1966-1967,,,,,,,,,,,,,TOR,63,18,28,46,LW
Frank Mahovlich,1967-1968,,,,,,,,,,,,,DET,63,26,26,52,LW
Frank Mahovlich,1968-1969,,,,,,,,,,,,,DET,76,49,29,78,LW
Frank Mahovlich,1969-1970,,,,,,,,,,,,,DET,74,38,32,70,LW
Frank Mahovlich,1970-1971,,,,,,,,,,,,,MTL,73,31,42,73,LW
Frank Mahovlich,1971-1972,,,,,,,,,,,,,MTL,76,43,53,96,LW
Frank Mahovlich,1972-1973,,,,,,,,,,,,,MTL,78,38,55,93,LW
Frank Mahovlich,1973-1974,,,,,,,,,,,,,MTL,71,31,49,80,LW
Frank Mahovlich,1974-1975,,,,,,,,,,,,,TRT,73,38,44,82,C
Frank Mahovlich,1975-1976,,,,,,,,,,,,,TRT,75,34,55,89,LW
Frank Mahovlich,1976-1977,,,,,,,,,,,,,BRB,17,3,20,23,LW
Frank Mahovlich,1977-1978,,,,,,,,,,,,,BRB,72,14,24,38,LW
Bobby Hull,1957-1958,,,,,,,,,,,,,CBH,70,13,34,47,LW
Bobby Hull,1958-1959,,,,,,,,,,,,,CBH,70,18,32,50,LW
Bobby Hull,1959-1960,,,,,,,,,,,,,CBH,70,39,42,81,LW
Bobby Hull,1960-1961,,,,,,,,,,,,,CBH,67,31,25,56,LW
Bobby Hull,1961-1962,,,,,,,,,,,,,CBH,70,50,34,84,LW
Bobby Hull,1962-1963,,,,,,,,,,,,,CBH,65,31,31,62,LW
Bobby Hull,1963-1964,,,,,,,,,,,,,CBH,70,43,44,87,LW
Bobby Hull,1964-1965,,,,,,,,,,,,,CBH,61,39,32,71,LW
Bobby Hull,1965-1966,,,,,,,,,,,,,CBH,65,54,43,97,LW
Bobby Hull,1966-1967,,,,,,,,,,,,,CBH,66,52,28,80,LW
Bobby Hull,1967-1968,,,,,,,,,,,,,CBH,71,44,31,75,LW
Bobby Hull,1968-1969,,,,,,,,,,,,,CBH,74,58,49,107,LW
Bobby Hull,1969-1970,,,,,,,,,,,,,CBH,61,38,29,67,LW
Bobby Hull,1970-1971,,,,,,,,,,,,,CBH,78,44,52,96,LW
Bobby Hull,1971-1972,,,,,,,,,,,,,CBH,78,50,43,93,LW
Bobby Hull,1972-1973,,,,,,,,,,,,,WNJ,63,51,52,103,LW
Bobby Hull,1973-1974,,,,,,,,,,,,,WNJ,75,53,42,95,LW
Bobby Hull,1974-1975,,,,,,,,,,,,,WNJ,78,77,65,142,LW
Bobby Hull,1975-1976,,,,,,,,,,,,,WNJ,80,53,70,123,LW
Bobby Hull,1976-1977,,,,,,,,,,,,,WNJ,34,21,32,53,LW
Bobby Hull,1977-1978,,,,,,,,,,,,,WNJ,77,46,71,117,LW
Bobby Hull,1978-1979,,,,,,,,,,,,,WNJ,4,2,3,5,LW
Bobby Hull,1979-1980,,,,,,,,,,,,,WIN,27,6,11,17,LW
Stan Mikita,1958-1959,,,,,,,,,,,,,CBH,3,0,1,1,C
Stan Mikita,1959-1960,,,,,,,,,,,,,CBH,67,8,18,26,C
Stan Mikita,1960-1961,,,,,,,,,,,,,CBH,68,19,34,53,RW
Stan Mikita,1961-1962,,,,,,,,,,,,,CBH,70,25,52,77,RW
Stan Mikita,1962-1963,,,,,,,,,,,,,CBH,65,31,45,76,RW
Stan Mikita,1963-1964,,,,,,,,,,,,,CBH,70,39,50,89,C
Stan Mikita,1964-1965,,,,,,,,,,,,,CBH,70,28,59,87,C
Stan Mikita,1965-1966,,,,,,,,,,,,,CBH,68,30,48,78,C
Stan Mikita,1966-1967,,,,,,,,,,,,,CBH,70,35,62,97,C
Stan Mikita,1967-1968,,,,,,,,,,,,,CBH,72,40,47,87,C
Stan Mikita,1968-1969,,,,,,,,,,,,,CBH,74,30,67,97,C
Stan Mikita,1969-1970,,,,,,,,,,,,,CBH,76,39,47,86,C
Stan Mikita,1970-1971,,,,,,,,,,,,,CBH,74,24,48,72,C
Stan Mikita,1971-1972,,,,,,,,,,,,,CBH,74,26,39,65,C
Stan Mikita,1972-1973,,,,,,,,,,,,,CBH,57,27,56,83,C
Stan Mikita,1973-1974,,,,,,,,,,,,,CBH,76,30,50,80,C
Stan Mikita,1974-1975,,,,,,,,,,,,,CBH,79,36,50,86,C
Stan Mikita,1975-1976,,,,,,,,,,,,,CBH,48,16,41,57,C
Stan Mikita,1976-1977,,,,,,,,,,,,,CBH,57,19,30,49,C
Stan Mikita,1977-1978,,,,,,,,,,,,,CBH,76,18,41,59,C
Stan Mikita,1978-1979,,,,,,,,,,,,,CBH,65,19,36,55,C
Stan Mikita,1979-1980,,,,,,,,,,,,,CBH,17,2,5,7,C
Jean Ratelle,1960-1961,,,,,,,,,,,,,NYR,3,2,1,3,C
Jean Ratelle,1961-1962,,,,,,,,,,,,,NYR,31,4,8,12,C
Jean Ratelle,1962-1963,,,,,,,,,,,,,NYR,47,11,9,20,C
Jean Ratelle,1963-1964,,,,,,,,,,,,,NYR,15,0,7,7,C
Jean Ratelle,1964-1965,,,,,,,,,,,,,NYR,54,14,21,35,C
Jean Ratelle,1965-1966,,,,,,,,,,,,,NYR,67,21,30,51,C
Jean Ratelle,1966-1967,,,,,,,,,,,,,NYR,41,6,5,11,C
Jean Ratelle,1967-1968,,,,,,,,,,,,,NYR,74,32,46,78,C
Jean Ratelle,1968-1969,,,,,,,,,,,,,NYR,75,32,46,78,C
Jean Ratelle,1969-1970,,,,,,,,,,,,,NYR,75,32,42,74,C
Jean Ratelle,1970-1971,,,,,,,,,,,,,NYR,78,26,46,72,C
Jean Ratelle,1971-1972,,,,,,,,,,,,,NYR,63,46,63,109,C
Jean Ratelle,1972-1973,,,,,,,,,,,,,NYR,78,41,53,94,C
Jean Ratelle,1973-1974,,,,,,,,,,,,,NYR,68,28,39,67,C
Jean Ratelle,1974-1975,,,,,,,,,,,,,NYR,79,36,55,91,C
Jean Ratelle,1975-1976,,,,,,,,,,,,,NYR,80,36,69,105,C
Jean Ratelle,1976-1977,,,,,,,,,,,,,BOS,78,33,61,94,C
Jean Ratelle,1977-1978,,,,,,,,,,,,,BOS,80,25,59,84,C
Jean Ratelle,1978-1979,,,,,,,,,,,,,BOS,80,27,45,72,C
Jean Ratelle,1979-1980,,,,,,,,,,,,,BOS,67,28,45,73,C
Jean Ratelle,1980-1981,,,,,,,,,,,,,BOS,47,11,26,37,C
Dave Keon,1960-1961,,,,,,,,,,,,,TOR,70,20,25,45,C
Dave Keon,1961-1962,,,,,,,,,,,,,TOR,64,26,35,61,C
Dave Keon,1962-1963,,,,,,,,,,,,,TOR,68,28,28,56,C
Dave Keon,1963-1964,,,,,,,,,,,,,TOR,70,23,37,60,C
Dave Keon,1964-1965,,,,,,,,,,,,,TOR,65,21,29,50,C
Dave Keon,1965-1966,,,,,,,,,,,,,TOR,69,24,30,54,C
Dave Keon,1966-1967,,,,,,,,,,,,,TOR,66,19,33,52,C
Dave Keon,1967-1968,,,,,,,,,,,,,TOR,67,11,37,48,C
Dave Keon,1968-1969,,,,,,,,,,,,,TOR,75,27,34,61,C
Dave Keon,1969-1970,,,,,,,,,,,,,TOR,72,32,30,62,C
Dave Keon,1970-1971,,,,,,,,,,,,,TOR,76,38,38,76,C
Dave Keon,1971-1972,,,,,,,,,,,,,TOR,72,18,30,48,C
Dave Keon,1972-1973,,,,,,,,,,,,,TOR,76,37,36,73,C
Dave Keon,1973-1974,,,,,,,,,,,,,TOR,74,25,28,53,C
Dave Keon,1974-1975,,,,,,,,,,,,,TOR,78,16,43,59,C
Dave Keon,1975-1976,,,,,,,,,,,,,MFS,69,29,45,74,C
Dave Keon,1976-1977,,,,,,,,,,,,,NEW,76,27,63,90,C
Dave Keon,1977-1978,,,,,,,,,,,,,NEW,77,24,38,62,C
Dave Keon,1978-1979,,,,,,,,,,,,,NEW,79,22,43,65,C
Dave Keon,1979-1980,,,,,,,,,,,,,HAR,76,10,52,62,C
Dave Keon,1980-1981,,,,,,,,,,,,,HAR,80,13,34,47,C
Dave Keon,1981-1982,,,,,,,,,,,,,HAR,78,8,11,19,C
Phil Esposito,1963-1964,,,,,,,,,,,,,CBH,27,3,2,5,C
Phil Esposito,1964-1965,,,,,,,,,,,,,CBH,70,23,32,55,C
Phil Esposito,1965-1966,,,,,,,,,,,,,CBH,69,27,26,53,C
Phil Esposito,1966-1967,,,,,,,,,,,,,CBH,69,21,40,61,C
Phil Esposito,1967-1968,,,,,,,,,,,,,BOS,74,35,49,84,C
Phil Esposito,1968-1969,,,,,,,,,,,,,BOS,74,49,77,126,C
Phil Esposito,1969-1970,,,,,,,,,,,,,BOS,76,43,56,99,C
Phil Esposito,1970-1971,,,,,,,,,,,,,BOS,78,76,76,152,C
Phil Esposito,1971-1972,,,,,,,,,,,,,BOS,76,66,67,133,C
Phil Esposito,1972-1973,,,,,,,,,,,,,BOS,78,55,75,130,C
Phil Esposito,1973-1974,,,,,,,,,,,,,BOS,78,68,77,145,C
Phil Esposito,1974-1975,,,,,,,,,,,,,BOS,79,61,66,127,C
Phil Esposito,1975-1976,,,,,,,,,,,,,NYR,74,35,48,83,C
Phil Esposito,1976-1977,,,,,,,,,,,,,NYR,80,34,46,80,C
Phil Esposito,1977-1978,,,,,,,,,,,,,NYR,79,38,43,81,C
Phil Esposito,1978-1979,,,,,,,,,,,,,NYR,80,42,36,78,C
Phil Esposito,1979-1980,,,,,,,,,,,,,NYR,80,34,44,78,C
Phil Esposito,1980-1981,,,,,,,,,,,,,NYR,41,7,13,20,C
Yvan Cournoyer,1963-1964,,,,,,,,,,,,,MTL,5,4,0,4,RW
Yvan Cournoyer,1964-1965,,,,,,,,,,,,,MTL,55,7,10,17,RW
Yvan Cournoyer,1965-1966,,,,,,,,,,,,,MTL,65,18,11,29,RW
Yvan Cournoyer,1966-1967,,,,,,,,,,,,,MTL,69,25,15,40,RW
Yvan Cournoyer,1967-1968,,,,,,,,,,,,,MTL,64,28,32,60,RW
Yvan Cournoyer,1968-1969,,,,,,,,,,,,,MTL,76,43,44,87,RW
Yvan Cournoyer,1969-1970,,,,,,,,,,,,,MTL,72,27,36,63,RW
Yvan Cournoyer,1970-1971,,,,,,,,,,,,,MTL,65,37,36,73,RW
Yvan Cournoyer,1971-1972,,,,,,,,,,,,,MTL,73,47,36,83,RW
Yvan Cournoyer,1972-1973,,,,,,,,,,,,,MTL,67,40,39,79,RW
Yvan Cournoyer,1973-1974,,,,,,,,,,,,,MTL,67,40,33,73,RW
Yvan Cournoyer,1974-1975,,,,,,,,,,,,,MTL,76,29,45,74,RW
Yvan Cournoyer,1975-1976,,,,,,,,,,,,,MTL,71,32,36,68,RW
Yvan Cournoyer,1976-1977,,,,,,,,,,,,,MTL,60,25,28,53,RW
Yvan Cournoyer,1977-1978,,,,,,,,,,,,,MTL,68,24,29,53,RW
Yvan Cournoyer,1978-1979,,,,,,,,,,,,,MTL,15,2,5,7,RW
Serge Savard,1966-1967,,,,,,,,,,,,,MTL,2,0,0,0,D
Serge Savard,1967-1968,,,,,,,,,,,,,MTL,67,2,13,15,D
Serge Savard,1968-1969,,,,,,,,,,,,,MTL,74,8,23,31,D
Serge Savard,1969-1970,,,,,,,,,,,,,MTL,64,12,19,31,D
Serge Savard,1970-1971,,,,,,,,,,,,,MTL,37,5,10,15,D
Serge Savard,1971-1972,,,,,,,,,,,,,MTL,23,1,8,9,D
Serge Savard,1972-1973,,,,,,,,,,,,,MTL,74,7,32,39,D
Serge Savard,1973-1974,,,,,,,,,,,,,MTL,67,4,14,18,D
Serge Savard,1974-1975,,,,,,,,,,,,,MTL,80,20,40,60,D
Serge Savard,1975-1976,,,,,,,,,,,,,MTL,71,8,39,47,D
Serge Savard,1976-1977,,,,,,,,,,,,,MTL,78,9,33,42,D
Serge Savard,1977-1978,,,,,,,,,,,,,MTL,77,8,34,42,D
Serge Savard,1978-1979,,,,,,,,,,,,,MTL,80,7,26,33,D
Serge Savard,1979-1980,,,,,,,,,,,,,MTL,46,5,8,13,D
Serge Savard,1980-1981,,,,,,,,,,,,,MTL,77,4,13,17,D
Serge Savard,1981-1982,,,,,,,,,,,,,WIN,47,2,5,7,D
Serge Savard,1982-1983,,,,,,,,,,,,,WIN,76,4,16,20,D
Bobby Orr,1966-1967,,,,,,,,,,,,,BOS,61,13,28,41,D
Bobby Orr,1967-1968,,,,,,,,,,,,,BOS,46,11,20,31,D
Bobby Orr,1968-1969,,,,,,,,,,,,,BOS,67,21,43,64,D
Bobby Orr,1969-1970,,,,,,,,,,,,,BOS,76,33,87,120,D
Bobby Orr,1970-1971,,,,,,,,,,,,,BOS,78,37,102,139,D
Bobby Orr,1971-1972,,,,,,,,,,,,,BOS,76,37,80,117,D
Bobby Orr,1972-1973,,,,,,,,,,,,,BOS,63,29,72,101,D
Bobby Orr,1973-1974,,,,,,,,,,,,,BOS,74,32,90,122,D
Bobby Orr,1974-1975,,,,,,,,,,,,,BOS,80,46,89,135,D
Bobby Orr,1975-1976,,,,,,,,,,,,,BOS,10,5,13,18,D
Bobby Orr,1976-1977,,,,,,,,,,,,,CBH,20,4,19,23,D
Bobby Orr,1978-1979,,,,,,,,,,,,,CBH,6,2,2,4,D
Jacques Lemaire,1967-1968,,,,,,,,,,,,,MTL,69,22,20,42,C
Jacques Lemaire,1968-1969,,,,,,,,,,,,,MTL,75,29,34,63,LW
Jacques Lemaire,1969-1970,,,,,,,,,,,,,MTL,69,32,28,60,LW
Jacques Lemaire,1970-1971,,,,,,,,,,,,,MTL,78,28,28,56,LW
Jacques Lemaire,1971-1972,,,,,,,,,,,,,MTL,77,32,49,81,C
Jacques Lemaire,1972-1973,,,,,,,,,,,,,MTL,77,44,51,95,C
Jacques Lemaire,1973-1974,,,,,,,,,,,,,MTL,66,29,38,67,C
Jacques Lemaire,1974-1975,,,,,,,,,,,,,MTL,80,36,56,92,C
Jacques Lemaire,1975-1976,,,,,,,,,,,,,MTL,61,20,32,52,C
Jacques Lemaire,1976-1977,,,,,,,,,,,,,MTL,75,34,41,75,C
Jacques Lemaire,1977-1978,,,,,,,,,,,,,MTL,76,36,61,97,C
Jacques Lemaire,1978-1979,,,,,,,,,,,,,MTL,50,24,31,55,C
Brad Park,1968-1969,,,,,,,,,,,,,NYR,54,3,23,26,D
Brad Park,1969-1970,,,,,,,,,,,,,NYR,60,11,26,37,D
Brad Park,1970-1971,,,,,,,,,,,,,NYR,68,7,37,44,D
Brad Park,1971-1972,,,,,,,,,,,,,NYR,75,24,49,73,D
Brad Park,1972-1973,,,,,,,,,,,,,NYR,52,10,43,53,D
Brad Park,1973-1974,,,,,,,,,,,,,NYR,78,25,57,82,D
Brad Park,1974-1975,,,,,,,,,,,,,NYR,65,13,44,57,D
Brad Park,1975-1976,,,,,,,,,,,,,NYR,56,18,41,59,D
Brad Park,1976-1977,,,,,,,,,,,,,BOS,77,12,55,67,D
Brad Park,1977-1978,,,,,,,,,,,,,BOS,80,22,57,79,D
Brad Park,1978-1979,,,,,,,,,,,,,BOS,40,7,32,39,D
Brad Park,1979-1980,,,,,,,,,,,,,BOS,32,5,16,21,D
Brad Park,1980-1981,,,,,,,,,,,,,BOS,78,14,52,66,D
Brad Park,1981-1982,,,,,,,,,,,,,BOS,75,14,42,56,D
Brad Park,1982-1983,,,,,,,,,,,,,BOS,76,10,26,36,D
Brad Park,1983-1984,,,,,,,,,,,,,DET,80,5,53,58,D
Brad Park,1984-1985,,,,,,,,,,,,,DET,67,13,30,43,D
Bobby Clarke,1969-1970,,,,,,,,,,,,,PHI,76,15,31,46,C
Bobby Clarke,1970-1971,,,,,,,,,,,,,PHI,77,27,36,63,C
Bobby Clarke,1971-1972,,,,,,,,,,,,,PHI,78,35,46,81,C
Bobby Clarke,1972-1973,,,,,,,,,,,,,PHI,78,37,67,104,C
Bobby Clarke,1973-1974,,,,,,,,,,,,,PHI,77,35,52,87,C
Bobby Clarke,1974-1975,,,,,,,,,,,,,PHI,80,27,89,116,C
Bobby Clarke,1975-1976,,,,,,,,,,,,,PHI,76,30,89,119,C
Bobby Clarke,1976-1977,,,,,,,,,,,,,PHI,80,27,63,90,C
Bobby Clarke,1977-1978,,,,,,,,,,,,,PHI,71,21,68,89,C
Bobby Clarke,1978-1979,,,,,,,,,,,,,PHI,80,16,57,73,C
Bobby Clarke,1979-1980,,,,,,,,,,,,,PHI,76,12,57,69,C
Bobby Clarke,1980-1981,,,,,,,,,,,,,PHI,80,19,46,65,C
Bobby Clarke,1981-1982,,,,,,,,,,,,,PHI,62,17,46,63,C
Bobby Clarke,1982-1983,,,,,,,,,,,,,PHI,80,23,62,85,C
Bobby Clarke,1983-1984,,,,,,,,,,,,,PHI,73,17,43,60,C
Darryl Sittler,1970-1971,,,,,,,,,,,,,TOR,49,10,8,18,C
Darryl Sittler,1971-1972,,,,,,,,,,,,,TOR,74,15,17,32,C
Darryl Sittler,1972-1973,,,,,,,,,,,,,TOR,78,29,48,77,C
Darryl Sittler,1973-1974,,,,,,,,,,,,,TOR,78,38,46,84,C
Darryl Sittler,1974-1975,,,,,,,,,,,,,TOR,72,36,44,80,C
Darryl Sittler,1975-1976,,,,,,,,,,,,,TOR,79,41,59,100,C
Darryl Sittler,1976-1977,,,,,,,,,,,,,TOR,73,38,52,90,C
Darryl Sittler,1977-1978,,,,,,,,,,,,,TOR,80,45,72,117,C
Darryl Sittler,1978-1979,,,,,,,,,,,,,TOR,70,36,51,87,C
Darryl Sittler,1979-1980,,,,,,,,,,,,,TOR,73,40,57,97,C
Darryl Sittler,1980-1981,,,,,,,,,,,,,TOR,80,43,53,96,C
Darryl Sittler,1981-1982,,,,,,,,,,,,,PHI,73,32,38,70,C
Darryl Sittler,1982-1983,,,,,,,,,,,,,PHI,80,43,40,83,C
Darryl Sittler,1983-1984,,,,,,,,,,,,,PHI,76,27,36,63,C
Darryl Sittler,1984-1985,,,,,,,,,,,,,DET,61,11,16,27,C
Gilbert Perreault,1970-1971,,,,,,,,,,,,,BUF,78,38,34,72,C
Gilbert Perreault,1971-1972,,,,,,,,,,,,,BUF,76,26,48,74,C
Gilbert Perreault,1972-1973,,,,,,,,,,,,,BUF,78,28,60,88,C
Gilbert Perreault,1973-1974,,,,,,,,,,,,,BUF,55,18,33,51,C
Gilbert Perreault,1974-1975,,,,,,,,,,,,,BUF,68,39,57,96,C
Gilbert Perreault,1975-1976,,,,,,,,,,,,,BUF,80,44,69,113,C
Gilbert Perreault,1976-1977,,,,,,,,,,,,,BUF,80,39,56,95,C
Gilbert Perreault,1977-1978,,,,,,,,,,,,,BUF,79,41,48,89,C
Gilbert Perreault,1978-1979,,,,,,,,,,,,,BUF,79,27,58,85,C
Gilbert Perreault,1979-1980,,,,,,,,,,,,,BUF,80,40,66,106,C
Gilbert Perreault,1980-1981,,,,,,,,,,,,,BUF,56,20,39,59,C
Gilbert Perreault,1981-1982,,,,,,,,,,,,,BUF,62,31,42,73,C
Gilbert Perreault,1982-1983,,,,,,,,,,,,,BUF,77,30,46,76,C
Gilbert Perreault,1983-1984,,,,,,,,,,,,,BUF,73,31,59,90,C
Gilbert Perreault,1984-1985,,,,,,,,,,,,,BUF,78,30,53,83,C
Gilbert Perreault,1985-1986,,,,,,,,,,,,,BUF,72,21,39,60,C
Gilbert Perreault,1986-1987,,,,,,,,,,,,,BUF,20,9,7,16,C
Guy Lafleur,1971-1972,,,,,,,,,,,,,MTL,73,29,35,64,RW
Guy Lafleur,1972-1973,,,,,,,,,,,,,MTL,69,28,27,55,RW
Guy Lafleur,1973-1974,,,,,,,,,,,,,MTL,73,21,35,56,RW
Guy Lafleur,1974-1975,,,,,,,,,,,,,MTL,70,53,66,119,RW
Guy Lafleur,1975-1976,,,,,,,,,,,,,MTL,80,56,69,125,RW
Guy Lafleur,1976-1977,,,,,,,,,,,,,MTL,80,56,80,136,RW
Guy Lafleur,1977-1978,,,,,,,,,,,,,MTL,78,60,72,132,RW
Guy Lafleur,1978-1979,,,,,,,,,,,,,MTL,80,52,77,129,RW
Guy Lafleur,1979-1980,,,,,,,,,,,,,MTL,74,50,75,125,RW
Guy Lafleur,1980-1981,,,,,,,,,,,,,MTL,51,27,43,70,RW
Guy Lafleur,1981-1982,,,,,,,,,,,,,MTL,66,27,57,84,RW
Guy Lafleur,1982-1983,,,,,,,,,,,,,MTL,68,27,49,76,RW
Guy Lafleur,1983-1984,,,,,,,,,,,,,MTL,80,30,40,70,RW
Guy Lafleur,1984-1985,,,,,,,,,,,,,MTL,19,2,3,5,RW
Guy Lafleur,1988-1989,,,,,,,,,,,,,NYR,67,18,27,45,RW
Guy Lafleur,1989-1990,,,,,,,,,,,,,QUE,39,12,22,34,RW
Guy Lafleur,1990-1991,,,,,,,,,,,,,QUE,59,12,16,28,RW
Marcel Dionne,1971-1972,,,,,,,,,,,,,DET,78,28,49,77,C
Marcel Dionne,1972-1973,,,,,,,,,,,,,DET,77,40,50,90,C
Marcel Dionne,1973-1974,,,,,,,,,,,,,DET,74,24,54,78,C
Marcel Dionne,1974-1975,,,,,,,,,,,,,DET,80,47,74,121,C
Marcel Dionne,1975-1976,,,,,,,,,,,,,LAK,80,40,54,94,C
Marcel Dionne,1976-1977,,,,,,,,,,,,,LAK,80,53,69,122,C
Marcel Dionne,1977-1978,,,,,,,,,,,,,LAK,70,36,43,79,C
Marcel Dionne,1978-1979,,,,,,,,,,,,,LAK,80,59,71,130,C
Marcel Dionne,1979-1980,,,,,,,,,,,,,LAK,80,53,84,137,C
Marcel Dionne,1980-1981,,,,,,,,,,,,,LAK,80,58,77,135,C
Marcel Dionne,1981-1982,,,,,,,,,,,,,LAK,78,50,67,117,C
Marcel Dionne,1982-1983,,,,,,,,,,,,,LAK,80,56,51,107,C
Marcel Dionne,1983-1984,,,,,,,,,,,,,LAK,66,39,53,92,C
Marcel Dionne,1984-1985,,,,,,,,,,,,,LAK,80,46,80,126,C
Marcel Dionne,1985-1986,,,,,,,,,,,,,LAK,80,36,58,94,C
Marcel Dionne,1986-1987,,,,,,,,,,,,,NYR,81,28,56,84,C
Marcel Dionne,1987-1988,,,,,,,,,,,,,NYR,67,31,34,65,C
Marcel Dionne,1988-1989,,,,,,,,,,,,,NYR,37,7,16,23,C
Larry Robinson,1972-1973,,,,,,,,,,,,,MTL,36,2,4,6,D
Larry Robinson,1973-1974,,,,,,,,,,,,,MTL,78,6,20,26,D
Larry Robinson,1974-1975,,,,,,,,,,,,,MTL,80,14,47,61,D
Larry Robinson,1975-1976,,,,,,,,,,,,,MTL,80,10,30,40,D
Larry Robinson,1976-1977,,,,,,,,,,,,,MTL,77,19,66,85,D
Larry Robinson,1977-1978,,,,,,,,,,,,,MTL,80,13,52,65,D
Larry Robinson,1978-1979,,,,,,,,,,,,,MTL,67,16,45,61,D
Larry Robinson,1979-1980,,,,,,,,,,,,,MTL,72,14,61,75,D
Larry Robinson,1980-1981,,,,,,,,,,,,,MTL,65,12,38,50,D
Larry Robinson,1981-1982,,,,,,,,,,,,,MTL,71,12,47,59,D
Larry Robinson,1982-1983,,,,,,,,,,,,,MTL,71,14,49,63,D
Larry Robinson,1983-1984,,,,,,,,,,,,,MTL,74,9,34,43,D
Larry Robinson,1984-1985,,,,,,,,,,,,,MTL,76,14,33,47,D
Larry Robinson,1985-1986,,,,,,,,,,,,,MTL,78,19,63,82,D
Larry Robinson,1986-1987,,,,,,,,,,,,,MTL,70,13,37,50,D
Larry Robinson,1987-1988,,,,,,,,,,,,,MTL,53,6,34,40,D
Larry Robinson,1988-1989,,,,,,,,,,,,,MTL,74,4,26,30,D
Larry Robinson,1989-1990,,,,,,,,,,,,,LAK,64,7,32,39,D
Larry Robinson,1990-1991,,,,,,,,,,,,,LAK,62,1,22,23,D
Larry Robinson,1991-1992,,,,,,,,,,,,,LAK,56,3,10,13,D
Börje Salming,1973-1974,,,,,,,,,,,,,TOR,76,5,34,39,D
Börje Salming,1974-1975,,,,,,,,,,,,,TOR,60,12,25,37,D
Börje Salming,1975-1976,,,,,,,,,,,,,TOR,78,16,41,57,D
Börje Salming,1976-1977,,,,,,,,,,,,,TOR,76,12,66,78,D
Börje Salming,1977-1978,,,,,,,,,,,,,TOR,80,16,60,76,D
Börje Salming,1978-1979,,,,,,,,,,,,,TOR,78,17,56,73,D
Börje Salming,1979-1980,,,,,,,,,,,,,TOR,74,19,52,71,D
Börje Salming,1980-1981,,,,,,,,,,,,,TOR,72,5,61,66,D
Börje Salming,1981-1982,,,,,,,,,,,,,TOR,69,12,44,56,D
Börje Salming,1982-1983,,,,,,,,,,,,,TOR,69,7,38,45,D
Börje Salming,1983-1984,,,,,,,,,,,,,TOR,68,5,38,43,D
Börje Salming,1984-1985,,,,,,,,,,,,,TOR,73,6,33,39,D
Börje Salming,1985-1986,,,,,,,,,,,,,TOR,41,7,15,22,D
Börje Salming,1986-1987,,,,,,,,,,,,,TOR,56,4,16,20,D
Börje Salming,1987-1988,,,,,,,,,,,,,TOR,66,2,24,26,D
Börje Salming,1988-1989,,,,,,,,,,,,,TOR,63,3,17,20,D
Börje Salming,1989-1990,,,,,,,,,,,,,DET,49,2,17,19,D
Bob Gainey,1973-1974,,,,,,,,,,,,,MTL,66,3,7,10,LW
Bob Gainey,1974-1975,,,,,,,,,,,,,MTL,80,17,20,37,LW
Bob Gainey,1975-1976,,,,,,,,,,,,,MTL,78,15,13,28,LW
Bob Gainey,1976-1977,,,,,,,,,,,,,MTL,80,14,19,33,LW
Bob Gainey,1977-1978,,,,,,,,,,,,,MTL,66,15,16,31,LW
Bob Gainey,1978-1979,,,,,,,,,,,,,MTL,79,20,18,38,LW
Bob Gainey,1979-1980,,,,,,,,,,,,,MTL,64,14,19,33,LW
Bob Gainey,1980-1981,,,,,,,,,,,,,MTL,78,23,24,47,LW
Bob Gainey,1981-1982,,,,,,,,,,,,,MTL,79,21,24,45,LW
Bob Gainey,1982-1983,,,,,,,,,,,,,MTL,80,12,18,30,LW
Bob Gainey,1983-1984,,,,,,,,,,,,,MTL,77,17,22,39,LW
Bob Gainey,1984-1985,,,,,,,,,,,,,MTL,79,19,13,32,LW
Bob Gainey,1985-1986,,,,,,,,,,,,,MTL,80,20,23,43,LW
Bob Gainey,1986-1987,,,,,,,,,,,,,MTL,47,8,8,16,LW
Bob Gainey,1987-1988,,,,,,,,,,,,,MTL,78,11,11,22,LW
Bob Gainey,1988-1989,,,,,,,,,,,,,MTL,49,10,7,17,LW
Bryan Trottier,1975-1976,,,,,,,,,,,,,NYI,80,32,63,95,C
Bryan Trottier,1976-1977,,,,,,,,,,,,,NYI,76,30,42,72,C
Bryan Trottier,1977-1978,,,,,,,,,,,,,NYI,77,46,77,123,C
Bryan Trottier,1978-1979,,,,,,,,,,,,,NYI,76,47,87,134,C
Bryan Trottier,1979-1980,,,,,,,,,,,,,NYI,78,42,62,104,C
Bryan Trottier,1980-1981,,,,,,,,,,,,,NYI,73,31,72,103,C
Bryan Trottier,1981-1982,,,,,,,,,,,,,NYI,80,50,79,129,C
Bryan Trottier,1982-1983,,,,,,,,,,,,,NYI,80,34,55,89,C
Bryan Trottier,1983-1984,,,,,,,,,,,,,NYI,68,40,71,111,C
Bryan Trottier,1984-1985,,,,,,,,,,,,,NYI,68,28,31,59,C
Bryan Trottier,1985-1986,,,,,,,,,,,,,NYI,78,37,59,96,C
Bryan Trottier,1986-1987,,,,,,,,,,,,,NYI,80,23,64,87,C
Bryan Trottier,1987-1988,,,,,,,,,,,,,NYI,77,30,52,82,C
Bryan Trottier,1988-1989,,,,,,,,,,,,,NYI,73,17,28,45,C
Bryan Trottier,1989-1990,,,,,,,,,,,,,NYI,59,13,11,24,C
Bryan Trottier,1990-1991,,,,,,,,,,,,,PIT,52,9,19,28,C
Bryan Trottier,1991-1992,,,,,,,,,,,,,PIT,63,11,18,29,C
Bryan Trottier,1993-1994,,,,,,,,,,,,,PIT,41,4,11,15,C
Mike Bossy,1977-1978,,,,,,,,,,,,,NYI,73,53,38,,RW
Mike Bossy,1978-1979,,,,,,,,,,,,,NYI,80,69,57,,RW
Mike Bossy,1979-1980,,,,,,,,,,,,,NYI,75,51,41,,RW
Mike Bossy,1980-1981,,,,,,,,,,,,,NYI,79,68,51,,RW
Mike Bossy,1981-1982,,,,,,,,,,,,,NYI,80,64,83,,RW
Mike Bossy,1982-1983,,,,,,,,,,,,,NYI,79,60,58,,RW
Mike Bossy,1983-1984,,,,,,,,,,,,,NYI,67,51,67,,RW
Mike Bossy,1984-1985,,,,,,,,,,,,,NYI,76,58,59,,RW
Mike Bossy,1985-1986,,,,,,,,,,,,,NYI,80,61,62,,RW
Mike Bossy,1986-1987,,,,,,,,,,,,,NYI,63,38,37,,RW
Mark Messier,1979-1980,,,,,,,,,,,,,EDM,75,12,21,33,C
Mark Messier,1980-1981,,,,,,,,,,,,,EDM,72,23,40,63,LW
Mark Messier,1981-1982,,,,,,,,,,,,,EDM,78,50,38,88,LW
Mark Messier,1982-1983,,,,,,,,,,,,,EDM,77,48,58,106,LW
Mark Messier,1983-1984,,,,,,,,,,,,,EDM,73,37,64,101,LW
Mark Messier,1984-1985,,,,,,,,,,,,,EDM,55,23,31,54,C
Mark Messier,1985-1986,,,,,,,,,,,,,EDM,63,35,49,84,C
Mark Messier,1986-1987,,,,,,,,,,,,,EDM,77,37,70,107,C
Mark Messier,1987-1988,,,,,,,,,,,,,EDM,77,37,74,111,C
Mark Messier,1988-1989,,,,,,,,,,,,,EDM,72,33,61,94,C
Mark Messier,1989-1990,,,,,,,,,,,,,EDM,79,45,84,129,C
Mark Messier,1990-1991,,,,,,,,,,,,,EDM,53,12,52,64,C
Mark Messier,1991-1992,,,,,,,,,,,,,NYR,79,35,72,107,C
Mark Messier,1992-1993,,,,,,,,,,,,,NYR,75,25,66,91,C
Mark Messier,1993-1994,,,,,,,,,,,,,NYR,76,26,58,84,C
Mark Messier,1994-1995,,,,,,,,,,,,,NYR,46,14,39,53,C
Mark Messier,1995-1996,,,,,,,,,,,,,NYR,74,47,52,99,C
Mark Messier,1996-1997,,,,,,,,,,,,,NYR,71,36,48,84,C
Mark Messier,1997-1998,,,,,,,,,,,,,VAN,82,22,38,60,C
Mark Messier,1998-1999,,,,,,,,,,,,,VAN,59,13,35,48,C
Mark Messier,1999-2000,,,,,,,,,,,,,VAN,66,17,37,54,C
Mark Messier,2000-2001,,,,,,,,,,,,,NYR,82,24,43,67,C
Mark Messier,2001-2002,,,,,,,,,,,,,NYR,41,7,16,23,C
Mark Messier,2002-2003,,,,,,,,,,,,,NYR,78,18,22,40,C
Mark Messier,2003-2004,,,,,,,,,,,,,NYR,76,18,25,43,C
Wayne Gretzky,1979-1980,,,,,,,,,,,,,EDM,79,51,86,137,C
Wayne Gretzky,1980-1981,,,,,,,,,,,,,EDM,80,55,109,164,C
Wayne Gretzky,1981-1982,,,,,,,,,,,,,EDM,80,92,120,212,C
Wayne Gretzky,1982-1983,,,,,,,,,,,,,EDM,80,71,125,196,C
Wayne Gretzky,1983-1984,,,,,,,,,,,,,EDM,74,87,118,205,C
Wayne Gretzky,1984-1985,,,,,,,,,,,,,EDM,80,73,135,208,C
Wayne Gretzky,1985-1986,,,,,,,,,,,,,EDM,80,52,163,215,C
Wayne Gretzky,1986-1987,,,,,,,,,,,,,EDM,79,62,121,183,C
Wayne Gretzky,1987-1988,,,,,,,,,,,,,EDM,64,40,109,149,C
Wayne Gretzky,1988-1989,,,,,,,,,,,,,LAK,78,54,114,168,C
Wayne Gretzky,1989-1990,,,,,,,,,,,,,LAK,73,40,102,142,C
Wayne Gretzky,1990-1991,,,,,,,,,,,,,LAK,78,41,122,163,C
Wayne Gretzky,1991-1992,,,,,,,,,,,,,LAK,74,31,90,121,C
Wayne Gretzky,1992-1993,,,,,,,,,,,,,LAK,45,16,49,65,C
Wayne Gretzky,1993-1994,,,,,,,,,,,,,LAK,81,38,92,130,C
Wayne Gretzky,1994-1995,,,,,,,,,,,,,LAK,48,11,37,48,C
Wayne Gretzky,1995-1996,,,,,,,,,,,,,STL,80,23,79,102,C
Wayne Gretzky,1996-1997,,,,,,,,,,,,,NYR,82,25,72,97,C
Wayne Gretzky,1997-1998,,,,,,,,,,,,,NYR,82,23,67,90,C
Wayne Gretzky,1998-1999,,,,,,,,,,,,,NYR,70,9,53,62,C
Mike Gartner,1979-1980,,,,,,,,,,,,,WSH,77,36,32,68,RW
Mike Gartner,1980-1981,,,,,,,,,,,,,WSH,80,48,46,94,RW
Mike Gartner,1981-1982,,,,,,,,,,,,,WSH,80,35,45,80,RW
Mike Gartner,1982-1983,,,,,,,,,,,,,WSH,73,38,38,76,RW
Mike Gartner,1983-1984,,,,,,,,,,,,,WSH,80,40,45,85,RW
Mike Gartner,1984-1985,,,,,,,,,,,,,WSH,80,50,52,102,RW
Mike Gartner,1985-1986,,,,,,,,,,,,,WSH,74,35,40,75,RW
Mike Gartner,1986-1987,,,,,,,,,,,,,WSH,78,41,32,73,RW
Mike Gartner,1987-1988,,,,,,,,,,,,,WSH,80,48,33,81,RW
Mike Gartner,1988-1989,,,,,,,,,,,,,MNS,69,33,36,69,RW
Mike Gartner,1989-1990,,,,,,,,,,,,,NYR,79,45,41,86,RW
Mike Gartner,1990-1991,,,,,,,,,,,,,NYR,79,49,20,69,RW
Mike Gartner,1991-1992,,,,,,,,,,,,,NYR,76,40,41,81,RW
Mike Gartner,1992-1993,,,,,,,,,,,,,NYR,84,45,23,68,RW
Mike Gartner,1993-1994,,,,,,,,,,,,,TOR,81,34,30,64,RW
Mike Gartner,1994-1995,,,,,,,,,,,,,TOR,38,12,8,20,RW
Mike Gartner,1995-1996,,,,,,,,,,,,,TOR,82,35,19,54,RW
Mike Gartner,1996-1997,,,,,,,,,,,,,PHX,82,32,31,63,RW
Mike Gartner,1997-1998,,,,,,,,,,,,,PHX,60,12,15,27,RW
Ray Bourque,1979-1980,,,,,,,,,,,,,BOS,80,17,48,65,D
Ray Bourque,1980-1981,,,,,,,,,,,,,BOS,67,27,29,56,D
Ray Bourque,1981-1982,,,,,,,,,,,,,BOS,65,17,49,66,D
Ray Bourque,1982-1983,,,,,,,,,,,,,BOS,65,22,51,73,D
Ray Bourque,1983-1984,,,,,,,,,,,,,BOS,78,31,65,96,D
Ray Bourque,1984-1985,,,,,,,,,,,,,BOS,73,20,66,86,D
Ray Bourque,1985-1986,,,,,,,,,,,,,BOS,74,19,58,77,D
Ray Bourque,1986-1987,,,,,,,,,,,,,BOS,78,23,72,95,D
Ray Bourque,1987-1988,,,,,,,,,,,,,BOS,78,17,64,81,D
Ray Bourque,1988-1989,,,,,,,,,,,,,BOS,60,18,43,61,D
Ray Bourque,1989-1990,,,,,,,,,,,,,BOS,76,19,65,84,D
Ray Bourque,1990-1991,,,,,,,,,,,,,BOS,76,21,73,94,D
Ray Bourque,1991-1992,,,,,,,,,,,,,BOS,80,21,60,81,D
Ray Bourque,1992-1993,,,,,,,,,,,,,BOS,78,19,63,82,D
Ray Bourque,1993-1994,,,,,,,,,,,,,BOS,72,20,71,91,D
Ray Bourque,1994-1995,,,,,,,,,,,,,BOS,46,12,31,43,D
Ray Bourque,1995-1996,,,,,,,,,,,,,BOS,82,20,62,82,D
Ray Bourque,1996-1997,,,,,,,,,,,,,BOS,62,19,31,50,D
Ray Bourque,1997-1998,,,,,,,,,,,,,BOS,82,13,35,48,D
Ray Bourque,1998-1999,,,,,,,,,,,,,BOS,81,10,47,57,D
Ray Bourque,1999-2000,,,,,,,,,,,,,COL,79,18,34,52,D
Ray Bourque,2000-2001,,,,,,,,,,,,,COL,80,7,52,59,D
Peter Stastny,1980-1981,,,,,,,,,,,,,QUE,77,39,70,109,C
Peter Stastny,1981-1982,,,,,,,,,,,,,QUE,80,46,93,139,C
Peter Stastny,1982-1983,,,,,,,,,,,,,QUE,75,47,77,124,C
Peter Stastny,1983-1984,,,,,,,,,,,,,QUE,80,46,73,119,C
Peter Stastny,1984-1985,,,,,,,,,,,,,QUE,75,32,68,100,C
Peter Stastny,1985-1986,,,,,,,,,,,,,QUE,76,41,81,122,C
Peter Stastny,1986-1987,,,,,,,,,,,,,QUE,64,24,53,77,C
Peter Stastny,1987-1988,,,,,,,,,,,,,QUE,76,46,65,111,C
Peter Stastny,1988-1989,,,,,,,,,,,,,QUE,72,35,50,85,C
Peter Stastny,1989-1990,,,,,,,,,,,,,NJD,74,29,44,73,C
Peter Stastny,1990-1991,,,,,,,,,,,,,NJD,77,18,42,60,C
Peter Stastny,1991-1992,,,,,,,,,,,,,NJD,66,24,38,62,C
Peter Stastny,1992-1993,,,,,,,,,,,,,NJD,62,17,23,40,C
Peter Stastny,1993-1994,,,,,,,,,,,,,STL,17,5,11,16,C
Peter Stastny,1994-1995,,,,,,,,,,,,,STL,6,1,1,2,C
Denis Savard,1980-1981,,,,,,,,,,,,,CBH,76,28,47,75,C
Denis Savard,1981-1982,,,,,,,,,,,,,CBH,80,32,87,119,C
Denis Savard,1982-1983,,,,,,,,,,,,,CBH,78,35,86,121,C
Denis Savard,1983-1984,,,,,,,,,,,,,CBH,75,37,57,94,C
Denis Savard,1984-1985,,,,,,,,,,,,,CBH,79,38,67,105,C
Denis Savard,1985-1986,,,,,,,,,,,,,CBH,80,47,69,116,C
Denis Savard,1986-1987,,,,,,,,,,,,,CHI,70,40,50,90,C
Denis Savard,1987-1988,,,,,,,,,,,,,CHI,80,44,87,131,C
Denis Savard,1988-1989,,,,,,,,,,,,,CHI,58,23,59,82,C
Denis Savard,1989-1990,,,,,,,,,,,,,CHI,60,27,53,80,C
Denis Savard,1990-1991,,,,,,,,,,,,,MTL,70,28,31,59,C
Denis Savard,1991-1992,,,,,,,,,,,,,MTL,77,28,42,70,C
Denis Savard,1992-1993,,,,,,,,,,,,,MTL,63,16,34,50,C
Denis Savard,1993-1994,,,,,,,,,,,,,TBL,74,18,28,46,C
Denis Savard,1994-1995,,,,,,,,,,,,,2TM,43,10,15,25,C
Denis Savard,1994-1995,,,,,,,,,,,,,CHI,12,4,4,8,C
Denis Savard,1994-1995,,,,,,,,,,,,,TBL,31,6,11,17,C
Denis Savard,1995-1996,,,,,,,,,,,,,CHI,69,13,35,48,C
Denis Savard,1996-1997,,,,,,,,,,,,,CHI,64,9,18,27,C
Jari Kurri,1980-1981,,,,,,,,,,,,,EDM,75,32,43,75,LW
Jari Kurri,1981-1982,,,,,,,,,,,,,EDM,71,32,54,86,LW
Jari Kurri,1982-1983,,,,,,,,,,,,,EDM,80,45,59,104,LW
Jari Kurri,1983-1984,,,,,,,,,,,,,EDM,64,52,61,113,LW
Jari Kurri,1984-1985,,,,,,,,,,,,,EDM,73,71,64,135,LW
Jari Kurri,1985-1986,,,,,,,,,,,,,EDM,78,68,63,131,LW
Jari Kurri,1986-1987,,,,,,,,,,,,,EDM,79,54,54,108,LW
Jari Kurri,1987-1988,,,,,,,,,,,,,EDM,80,43,53,96,LW
Jari Kurri,1988-1989,,,,,,,,,,,,,EDM,76,44,58,102,LW
Jari Kurri,1989-1990,,,,,,,,,,,,,EDM,78,33,60,93,LW
Jari Kurri,1991-1992,,,,,,,,,,,,,LAK,73,23,37,60,LW
Jari Kurri,1992-1993,,,,,,,,,,,,,LAK,82,27,60,87,LW
Jari Kurri,1993-1994,,,,,,,,,,,,,LAK,81,31,46,77,LW
Jari Kurri,1994-1995,,,,,,,,,,,,,LAK,38,10,19,29,LW
Jari Kurri,1995-1996,,,,,,,,,,,,,NYR,71,18,27,45,LW
Jari Kurri,1996-1997,,,,,,,,,,,,,MDA,82,13,22,35,LW
Jari Kurri,1997-1998,,,,,,,,,,,,,COL,70,5,17,22,LW
Paul Coffey,1980-1981,,,,,,,,,,,,,EDM,74,9,23,32,D
Paul Coffey,1981-1982,,,,,,,,,,,,,EDM,80,29,60,89,D
Paul Coffey,1982-1983,,,,,,,,,,,,,EDM,80,29,67,96,D
Paul Coffey,1983-1984,,,,,,,,,,,,,EDM,80,40,86,126,D
Paul Coffey,1984-1985,,,,,,,,,,,,,EDM,80,37,84,121,D
Paul Coffey,1985-1986,,,,,,,,,,,,,EDM,79,48,90,138,D
Paul Coffey,1986-1987,,,,,,,,,,,,,EDM,59,17,50,67,D
Paul Coffey,1987-1988,,,,,,,,,,,,,PIT,46,15,52,67,D
Paul Coffey,1988-1989,,,,,,,,,,,,,PIT,75,30,83,113,D
Paul Coffey,1989-1990,,,,,,,,,,,,,PIT,80,29,74,103,D
Paul Coffey,1990-1991,,,,,,,,,,,,,PIT,76,24,69,93,D
Paul Coffey,1991-1992,,,,,,,,,,,,,LAK,64,11,58,69,D
Paul Coffey,1992-1993,,,,,,,,,,,,,LAK,80,12,75,87,D
Paul Coffey,1993-1994,,,,,,,,,,,,,DET,80,14,63,77,D
Paul Coffey,1994-1995,,,,,,,,,,,,,DET,45,14,44,58,D
Paul Coffey,1995-1996,,,,,,,,,,,,,DET,76,14,60,74,D
Paul Coffey,1996-1997,,,,,,,,,,,,,PHI,57,9,25,34,D
Paul Coffey,1997-1998,,,,,,,,,,,,,PHI,57,2,27,29,D
Paul Coffey,1998-1999,,,,,,,,,,,,,CHI,54,2,12,14,D
Paul Coffey,1999-2000,,,,,,,,,,,,,CAR,69,11,29,40,D
Paul Coffey,2000-2001,,,,,,,,,,,,,BOS,18,0,4,4,D
Al Macinnis,1981-1982,,,,,,,,,,,,,CGY,2,0,0,0,D
Al Macinnis,1982-1983,,,,,,,,,,,,,CGY,14,1,3,4,D
Al Macinnis,1983-1984,,,,,,,,,,,,,CGY,51,11,34,45,D
Al Macinnis,1984-1985,,,,,,,,,,,,,CGY,67,14,52,66,D
Al Macinnis,1985-1986,,,,,,,,,,,,,CGY,77,11,57,68,D
Al Macinnis,1986-1987,,,,,,,,,,,,,CGY,79,20,56,76,D
Al Macinnis,1987-1988,,,,,,,,,,,,,CGY,80,25,58,83,D
Al Macinnis,1988-1989,,,,,,,,,,,,,CGY,79,16,58,74,D
Al Macinnis,1989-1990,,,,,,,,,,,,,CGY,79,28,62,90,D
Al Macinnis,1990-1991,,,,,,,,,,,,,CGY,78,28,75,103,D
Al Macinnis,1991-1992,,,,,,,,,,,,,CGY,72,20,57,77,D
Al Macinnis,1992-1993,,,,,,,,,,,,,CGY,50,11,43,54,D
Al Macinnis,1993-1994,,,,,,,,,,,,,CGY,75,28,54,82,D
Al Macinnis,1994-1995,,,,,,,,,,,,,STL,32,8,20,28,D
Al Macinnis,1995-1996,,,,,,,,,,,,,STL,82,17,44,61,D
Al Macinnis,1996-1997,,,,,,,,,,,,,STL,72,13,30,43,D
Al Macinnis,1997-1998,,,,,,,,,,,,,STL,71,19,30,49,D
Al Macinnis,1998-1999,,,,,,,,,,,,,STL,82,20,42,62,D
Al Macinnis,1999-2000,,,,,,,,,,,,,STL,61,11,28,39,D
Al Macinnis,2000-2001,,,,,,,,,,,,,STL,59,12,42,54,D
Al Macinnis,2001-2002,,,,,,,,,,,,,STL,71,11,35,46,D
Al Macinnis,2002-2003,,,,,,,,,,,,,STL,80,16,52,68,D
Al Macinnis,2003-2004,,,,,,,,,,,,,STL,3,0,2,2,D
Ron Francis,1981-1982,,,,,,,,,,,,,HAR,59,25,43,68,C
Ron Francis,1982-1983,,,,,,,,,,,,,HAR,79,31,59,90,C
Ron Francis,1983-1984,,,,,,,,,,,,,HAR,72,23,60,83,C
Ron Francis,1984-1985,,,,,,,,,,,,,HAR,80,24,57,81,C
Ron Francis,1985-1986,,,,,,,,,,,,,HAR,53,24,53,77,C
Ron Francis,1986-1987,,,,,,,,,,,,,HAR,75,30,63,93,C
Ron Francis,1987-1988,,,,,,,,,,,,,HAR,80,25,50,75,C
Ron Francis,1988-1989,,,,,,,,,,,,,HAR,69,29,48,77,C
Ron Francis,1989-1990,,,,,,,,,,,,,HAR,80,32,69,101,C
Ron Francis,1990-1991,,,,,,,,,,,,,2TM,81,23,64,87,C
Ron Francis,1990-1991,,,,,,,,,,,,,HAR,67,21,55,76,C
Ron Francis,1990-1991,,,,,,,,,,,,,PIT,14,2,9,11,C
Ron Francis,1991-1992,,,,,,,,,,,,,PIT,70,21,33,54,C
Ron Francis,1992-1993,,,,,,,,,,,,,PIT,84,24,76,100,C
Ron Francis,1993-1994,,,,,,,,,,,,,PIT,82,27,66,93,C
Ron Francis,1994-1995,,,,,,,,,,,,,PIT,44,11,48,59,C
Ron Francis,1995-1996,,,,,,,,,,,,,PIT,77,27,92,119,C
Ron Francis,1996-1997,,,,,,,,,,,,,PIT,81,27,63,90,C
Ron Francis,1997-1998,,,,,,,,,,,,,PIT,81,25,62,87,C
Ron Francis,1998-1999,,,,,,,,,,,,,CAR,82,21,31,52,C
Ron Francis,1999-2000,,,,,,,,,,,,,CAR,78,23,50,73,C
Ron Francis,2000-2001,,,,,,,,,,,,,CAR,82,15,50,65,C
Ron Francis,2001-2002,,,,,,,,,,,,,CAR,80,27,50,77,C
Ron Francis,2002-2003,,,,,,,,,,,,,CAR,82,22,35,57,C
Ron Francis,2003-2004,,,,,,,,,,,,,2TM,80,13,27,40,C
Ron Francis,2003-2004,,,,,,,,,,,,,CAR,68,10,20,30,C
Ron Francis,2003-2004,,,,,,,,,,,,,TOR,12,3,7,10,C
Scott Stevens,1982-1983,,,,,,,,,,,,,WSH,77,9,16,25,D
Scott Stevens,1983-1984,,,,,,,,,,,,,WSH,78,13,32,45,D
Scott Stevens,1984-1985,,,,,,,,,,,,,WSH,80,21,44,65,D
Scott Stevens,1985-1986,,,,,,,,,,,,,WSH,73,15,38,53,D
Scott Stevens,1986-1987,,,,,,,,,,,,,WSH,77,10,51,61,D
Scott Stevens,1987-1988,,,,,,,,,,,,,WSH,80,12,60,72,D
Scott Stevens,1988-1989,,,,,,,,,,,,,WSH,80,7,61,68,D
Scott Stevens,1989-1990,,,,,,,,,,,,,WSH,56,11,29,40,D
Scott Stevens,1990-1991,,,,,,,,,,,,,STL,78,5,44,49,D
Scott Stevens,1991-1992,,,,,,,,,,,,,NJD,68,17,42,59,D
Scott Stevens,1992-1993,,,,,,,,,,,,,NJD,81,12,45,57,D
Scott Stevens,1993-1994,,,,,,,,,,,,,NJD,83,18,60,78,D
Scott Stevens,1994-1995,,,,,,,,,,,,,NJD,48,2,20,22,D
Scott Stevens,1995-1996,,,,,,,,,,,,,NJD,82,5,23,28,D
Scott Stevens,1996-1997,,,,,,,,,,,,,NJD,79,5,19,24,D
Scott Stevens,1997-1998,,,,,,,,,,,,,NJD,80,4,22,26,D
Scott Stevens,1998-1999,,,,,,,,,,,,,NJD,75,5,22,27,D
Scott Stevens,1999-2000,,,,,,,,,,,,,NJD,78,8,21,29,D
Scott Stevens,2000-2001,,,,,,,,,,,,,NJD,81,9,22,31,D
Scott Stevens,2001-2002,,,,,,,,,,,,,NJD,82,1,16,17,D
Scott Stevens,2002-2003,,,,,,,,,,,,,NJD,81,4,16,20,D
Scott Stevens,2003-2004,,,,,,,,,,,,,NJD,38,3,9,12,D
Steve Yzerman,1983-1984,,,,,,,,,,,,,DET,80,39,48,87,C
Steve Yzerman,1984-1985,,,,,,,,,,,,,DET,80,30,59,89,C
Steve Yzerman,1985-1986,,,,,,,,,,,,,DET,51,14,28,42,C
Steve Yzerman,1986-1987,,,,,,,,,,,,,DET,80,31,59,90,C
Steve Yzerman,1987-1988,,,,,,,,,,,,,DET,64,50,52,102,C
Steve Yzerman,1988-1989,,,,,,,,,,,,,DET,80,65,90,155,C
Steve Yzerman,1989-1990,,,,,,,,,,,,,DET,79,62,65,127,C
Steve Yzerman,1990-1991,,,,,,,,,,,,,DET,80,51,57,108,C
Steve Yzerman,1991-1992,,,,,,,,,,,,,DET,79,45,58,103,C
Steve Yzerman,1992-1993,,,,,,,,,,,,,DET,84,58,79,137,C
Steve Yzerman,1993-1994,,,,,,,,,,,,,DET,58,24,58,82,C
Steve Yzerman,1994-1995,,,,,,,,,,,,,DET,47,12,26,38,C
Steve Yzerman,1995-1996,,,,,,,,,,,,,DET,80,36,59,95,C
Steve Yzerman,1996-1997,,,,,,,,,,,,,DET,81,22,63,85,C
Steve Yzerman,1997-1998,,,,,,,,,,,,,DET,75,24,45,69,C
Steve Yzerman,1998-1999,,,,,,,,,,,,,DET,80,29,45,74,C
Steve Yzerman,1999-2000,,,,,,,,,,,,,DET,78,35,44,79,C
Steve Yzerman,2000-2001,,,,,,,,,,,,,DET,54,18,34,52,C
Steve Yzerman,2001-2002,,,,,,,,,,,,,DET,52,13,35,48,C
Steve Yzerman,2002-2003,,,,,,,,,,,,,DET,16,2,6,8,C
Steve Yzerman,2003-2004,,,,,,,,,,,,,DET,75,18,33,51,C
Steve Yzerman,2005-2006,,,,,,,,,,,,,DET,61,14,20,34,C
Pat LaFontaine,1983-1984,,,,,,,,,,,,,NYI,15,13,6,19,C
Pat LaFontaine,1984-1985,,,,,,,,,,,,,NYI,67,19,35,54,C
Pat LaFontaine,1985-1986,,,,,,,,,,,,,NYI,65,30,23,53,C
Pat LaFontaine,1986-1987,,,,,,,,,,,,,NYI,80,38,32,70,C
Pat LaFontaine,1987-1988,,,,,,,,,,,,,NYI,75,47,45,92,C
Pat LaFontaine,1988-1989,,,,,,,,,,,,,NYI,79,45,43,88,C
Pat LaFontaine,1989-1990,,,,,,,,,,,,,NYI,74,54,51,105,C
Pat LaFontaine,1990-1991,,,,,,,,,,,,,NYI,75,41,44,85,C
Pat LaFontaine,1991-1992,,,,,,,,,,,,,BUF,57,46,47,93,C
Pat LaFontaine,1992-1993,,,,,,,,,,,,,BUF,84,53,95,148,C
Pat LaFontaine,1993-1994,,,,,,,,,,,,,BUF,16,5,13,18,C
Pat LaFontaine,1994-1995,,,,,,,,,,,,,BUF,22,12,15,27,C
Pat LaFontaine,1995-1996,,,,,,,,,,,,,BUF,76,40,51,91,C
Pat LaFontaine,1996-1997,,,,,,,,,,,,,BUF,13,2,6,8,C
Pat LaFontaine,1997-1998,,,,,,,,,,,,,NYR,67,23,39,62,C
Chris Chelios,1983-1984,,,,,,,,,,,,,MTL,12,0,2,2,D
Chris Chelios,1984-1985,,,,,,,,,,,,,MTL,74,9,55,64,D
Chris Chelios,1985-1986,,,,,,,,,,,,,MTL,41,8,26,34,D
Chris Chelios,1986-1987,,,,,,,,,,,,,MTL,71,11,33,44,D
Chris Chelios,1987-1988,,,,,,,,,,,,,MTL,71,20,41,61,D
Chris Chelios,1988-1989,,,,,,,,,,,,,MTL,80,15,58,73,D
Chris Chelios,1989-1990,,,,,,,,,,,,,MTL,53,9,22,31,D
Chris Chelios,1990-1991,,,,,,,,,,,,,CHI,77,12,52,64,D
Chris Chelios,1991-1992,,,,,,,,,,,,,CHI,80,9,47,56,D
Chris Chelios,1992-1993,,,,,,,,,,,,,CHI,84,15,58,73,D
Chris Chelios,1993-1994,,,,,,,,,,,,,CHI,76,16,44,60,D
Chris Chelios,1994-1995,,,,,,,,,,,,,CHI,48,5,33,38,D
Chris Chelios,1995-1996,,,,,,,,,,,,,CHI,81,14,58,72,D
Chris Chelios,1996-1997,,,,,,,,,,,,,CHI,72,10,38,48,D
Chris Chelios,1997-1998,,,,,,,,,,,,,CHI,81,3,39,42,D
Chris Chelios,1998-1999,,,,,,,,,,,,,DET,75,9,27,36,D
Chris Chelios,1999-2000,,,,,,,,,,,,,DET,81,3,31,34,D
Chris Chelios,2000-2001,,,,,,,,,,,,,DET,24,0,3,3,D
Chris Chelios,2001-2002,,,,,,,,,,,,,DET,79,6,33,39,D
Chris Chelios,2002-2003,,,,,,,,,,,,,DET,66,2,17,19,D
Chris Chelios,2003-2004,,,,,,,,,,,,,DET,69,2,19,21,D
Chris Chelios,2005-2006,,,,,,,,,,,,,DET,81,4,7,11,D
Chris Chelios,2006-2007,,,,,,,,,,,,,DET,71,0,11,11,D
Chris Chelios,2007-2008,,,,,,,,,,,,,DET,69,3,9,12,D
Chris Chelios,2008-2009,,,,,,,,,,,,,DET,28,0,0,0,D
Chris Chelios,2009-2010,,,,,,,,,,,,,ATL,7,0,0,0,D
Mario Lemieux,1984-1985,,,,,,,,,,,,,PIT,73,43,57,100,C
Mario Lemieux,1985-1986,,,,,,,,,,,,,PIT,79,48,93,141,C
Mario Lemieux,1986-1987,,,,,,,,,,,,,PIT,63,54,53,107,C
Mario Lemieux,1987-1988,,,,,,,,,,,,,PIT,77,70,98,168,C
Mario Lemieux,1988-1989,,,,,,,,,,,,,PIT,76,85,114,199,C
Mario Lemieux,1989-1990,,,,,,,,,,,,,PIT,59,45,78,123,C
Mario Lemieux,1990-1991,,,,,,,,,,,,,PIT,26,19,26,45,C
Mario Lemieux,1991-1992,,,,,,,,,,,,,PIT,64,44,87,131,C
Mario Lemieux,1992-1993,,,,,,,,,,,,,PIT,60,69,91,160,C
Mario Lemieux,1993-1994,,,,,,,,,,,,,PIT,22,17,20,37,C
Mario Lemieux,1995-1996,,,,,,,,,,,,,PIT,70,69,92,161,C
Mario Lemieux,1996-1997,,,,,,,,,,,,,PIT,76,50,72,122,C
Mario Lemieux,2000-2001,,,,,,,,,,,,,PIT,43,35,41,76,C
Mario Lemieux,2001-2002,,,,,,,,,,,,,PIT,24,6,25,31,C
Mario Lemieux,2002-2003,,,,,,,,,,,,,PIT,67,28,63,91,C
Mario Lemieux,2003-2004,,,,,,,,,,,,,PIT,10,1,8,9,C
Mario Lemieux,2005-2006,,,,,,,,,,,,,PIT,26,7,15,22,C
Adam Oates,1985-1986,,,,,,,,,,,,,DET,38,9,11,20,C
Adam Oates,1986-1987,,,,,,,,,,,,,DET,76,15,32,47,C
Adam Oates,1987-1988,,,,,,,,,,,,,DET,63,14,40,54,C
Adam Oates,1988-1989,,,,,,,,,,,,,DET,69,16,62,78,C
Adam Oates,1989-1990,,,,,,,,,,,,,STL,80,23,79,102,C
Adam Oates,1990-1991,,,,,,,,,,,,,STL,61,25,90,115,C
Adam Oates,1991-1992,,,,,,,,,,,,,2TM,80,20,79,99,C
Adam Oates,1991-1992,,,,,,,,,,,,,BOS,26,10,20,30,C
Adam Oates,1991-1992,,,,,,,,,,,,,STL,54,10,59,69,C
Adam Oates,1992-1993,,,,,,,,,,,,,BOS,84,45,97,142,C
Adam Oates,1993-1994,,,,,,,,,,,,,BOS,77,32,80,112,C
Adam Oates,1994-1995,,,,,,,,,,,,,BOS,48,12,41,53,C
Adam Oates,1995-1996,,,,,,,,,,,,,BOS,70,25,67,92,C
Adam Oates,1996-1997,,,,,,,,,,,,,2TM,80,22,60,82,C
Adam Oates,1996-1997,,,,,,,,,,,,,BOS,63,18,52,70,C
Adam Oates,1996-1997,,,,,,,,,,,,,WSH,17,4,8,12,C
Adam Oates,1997-1998,,,,,,,,,,,,,WSH,82,18,58,76,C
Adam Oates,1998-1999,,,,,,,,,,,,,WSH,59,12,42,54,C
Adam Oates,1999-2000,,,,,,,,,,,,,WSH,82,15,56,71,C
Adam Oates,2000-2001,,,,,,,,,,,,,WSH,81,13,69,82,C
Adam Oates,2001-2002,,,,,,,,,,,,,2TM,80,14,64,78,C
Adam Oates,2001-2002,,,,,,,,,,,,,PHI,14,3,7,10,C
Adam Oates,2001-2002,,,,,,,,,,,,,WSH,66,11,57,68,C
Adam Oates,2002-2003,,,,,,,,,,,,,MDA,67,9,36,45,C
Adam Oates,2003-2004,,,,,,,,,,,,,EDM,60,2,16,18,C
Luc Robitaille,1986-1987,,,,,,,,,,,,,LAK,79,45,39,84,LW
Luc Robitaille,1987-1988,,,,,,,,,,,,,LAK,80,53,58,111,LW
Luc Robitaille,1988-1989,,,,,,,,,,,,,LAK,78,46,52,98,LW
Luc Robitaille,1989-1990,,,,,,,,,,,,,LAK,80,52,49,101,LW
Luc Robitaille,1990-1991,,,,,,,,,,,,,LAK,76,45,46,91,LW
Luc Robitaille,1991-1992,,,,,,,,,,,,,LAK,80,44,63,107,LW
Luc Robitaille,1992-1993,,,,,,,,,,,,,LAK,84,63,62,125,LW
Luc Robitaille,1993-1994,,,,,,,,,,,,,LAK,83,44,42,86,LW
Luc Robitaille,1994-1995,,,,,,,,,,,,,PIT,46,23,19,42,LW
Luc Robitaille,1995-1996,,,,,,,,,,,,,NYR,77,23,46,69,LW
Luc Robitaille,1996-1997,,,,,,,,,,,,,NYR,69,24,24,48,LW
Luc Robitaille,1997-1998,,,,,,,,,,,,,LAK,57,16,24,40,LW
Luc Robitaille,1998-1999,,,,,,,,,,,,,LAK,82,39,35,74,LW
Luc Robitaille,1999-2000,,,,,,,,,,,,,LAK,71,36,38,74,LW
Luc Robitaille,2000-2001,,,,,,,,,,,,,LAK,82,37,51,88,LW
Luc Robitaille,2001-2002,,,,,,,,,,,,,DET,81,30,20,50,LW
Luc Robitaille,2002-2003,,,,,,,,,,,,,DET,81,11,20,31,LW
Luc Robitaille,2003-2004,,,,,,,,,,,,,LAK,80,22,29,51,LW
Luc Robitaille,2005-2006,,,,,,,,,,,,,LAK,65,15,9,24,LW
Joe Nieuwendyk,1986-1987,,,,,,,,,,,,,CGY,9,5,1,6,C
Joe Nieuwendyk,1987-1988,,,,,,,,,,,,,CGY,75,51,41,92,C
Joe Nieuwendyk,1988-1989,,,,,,,,,,,,,CGY,77,51,31,82,C
Joe Nieuwendyk,1989-1990,,,,,,,,,,,,,CGY,79,45,50,95,C
Joe Nieuwendyk,1990-1991,,,,,,,,,,,,,CGY,79,45,40,85,C
Joe Nieuwendyk,1991-1992,,,,,,,,,,,,,CGY,69,22,34,56,C
Joe Nieuwendyk,1992-1993,,,,,,,,,,,,,CGY,79,38,37,75,C
Joe Nieuwendyk,1993-1994,,,,,,,,,,,,,CGY,64,36,39,75,C
Joe Nieuwendyk,1994-1995,,,,,,,,,,,,,CGY,46,21,29,50,C
Joe Nieuwendyk,1995-1996,,,,,,,,,,,,,DAL,52,14,18,32,C
Joe Nieuwendyk,1996-1997,,,,,,,,,,,,,DAL,66,30,21,51,C
Joe Nieuwendyk,1997-1998,,,,,,,,,,,,,DAL,73,39,30,69,C
Joe Nieuwendyk,1998-1999,,,,,,,,,,,,,DAL,67,28,27,55,C
Joe Nieuwendyk,1999-2000,,,,,,,,,,,,,DAL,48,15,19,34,C
Joe Nieuwendyk,2000-2001,,,,,,,,,,,,,DAL,69,29,23,52,C
Joe Nieuwendyk,2001-2002,,,,,,,,,,,,,NJD,81,25,33,58,C
Joe Nieuwendyk,2002-2003,,,,,,,,,,,,,NJD,80,17,28,45,C
Joe Nieuwendyk,2003-2004,,,,,,,,,,,,,TOR,64,22,28,50,C
Joe Nieuwendyk,2005-2006,,,,,,,,,,,,,FLA,65,26,30,56,C
Joe Nieuwendyk,2006-2007,,,,,,,,,,,,,FLA,15,5,3,8,C
Brett Hull,1986-1987,,,,,,,,,,,,,CGY,5,1,0,1,RW
Brett Hull,1987-1988,,,,,,,,,,,,,STL,65,32,32,64,RW
Brett Hull,1988-1989,,,,,,,,,,,,,STL,78,41,43,84,RW
Brett Hull,1989-1990,,,,,,,,,,,,,STL,80,72,41,113,RW
Brett Hull,1990-1991,,,,,,,,,,,,,STL,78,86,45,131,RW
Brett Hull,1991-1992,,,,,,,,,,,,,STL,73,70,39,109,RW
Brett Hull,1992-1993,,,,,,,,,,,,,STL,80,54,47,101,RW
Brett Hull,1993-1994,,,,,,,,,,,,,STL,81,57,40,97,RW
Brett Hull,1994-1995,,,,,,,,,,,,,STL,48,29,21,50,RW
Brett Hull,1995-1996,,,,,,,,,,,,,STL,70,43,40,83,RW
Brett Hull,1996-1997,,,,,,,,,,,,,STL,77,42,40,82,RW
Brett Hull,1997-1998,,,,,,,,,,,,,STL,66,27,45,72,RW
Brett Hull,1998-1999,,,,,,,,,,,,,DAL,60,32,26,58,RW
Brett Hull,1999-2000,,,,,,,,,,,,,DAL,79,24,35,59,RW
Brett Hull,2000-2001,,,,,,,,,,,,,DAL,79,39,40,79,RW
Brett Hull,2001-2002,,,,,,,,,,,,,DET,82,30,33,63,RW
Brett Hull,2002-2003,,,,,,,,,,,,,DET,82,37,39,76,RW
Brett Hull,2003-2004,,,,,,,,,,,,,DET,81,25,43,68,RW
Brett Hull,2005-2006,,,,,,,,,,,,,PHX,5,0,1,1,RW
Brendan Shanahan,1987-1988,,,,,,,,,,,,,NJD,65,7,19,26,LW
Brendan Shanahan,1988-1989,,,,,,,,,,,,,NJD,68,22,28,50,LW
Brendan Shanahan,1989-1990,,,,,,,,,,,,,NJD,73,30,42,72,LW
Brendan Shanahan,1990-1991,,,,,,,,,,,,,NJD,75,29,37,66,LW
Brendan Shanahan,1991-1992,,,,,,,,,,,,,STL,80,33,36,69,LW
Brendan Shanahan,1992-1993,,,,,,,,,,,,,STL,71,51,43,94,LW
Brendan Shanahan,1993-1994,,,,,,,,,,,,,STL,81,52,50,102,LW
Brendan Shanahan,1994-1995,,,,,,,,,,,,,STL,45,20,21,41,LW
Brendan Shanahan,1995-1996,,,,,,,,,,,,,HAR,74,44,34,78,LW
Brendan Shanahan,1996-1997,,,,,,,,,,,,,DET,81,47,41,88,LW
Brendan Shanahan,1997-1998,,,,,,,,,,,,,DET,75,28,29,57,LW
Brendan Shanahan,1998-1999,,,,,,,,,,,,,DET,81,31,27,58,LW
Brendan Shanahan,1999-2000,,,,,,,,,,,,,DET,78,41,37,78,LW
Brendan Shanahan,2000-2001,,,,,,,,,,,,,DET,81,31,45,76,LW
Brendan Shanahan,2001-2002,,,,,,,,,,,,,DET,80,37,38,75,LW
Brendan Shanahan,2002-2003,,,,,,,,,,,,,DET,78,30,38,68,LW
Brendan Shanahan,2003-2004,,,,,,,,,,,,,DET,82,25,28,53,LW
Brendan Shanahan,2005-2006,,,,,,,,,,,,,DET,82,40,41,81,LW
Brendan Shanahan,2006-2007,,,,,,,,,,,,,NYR,67,29,33,62,LW
Brendan Shanahan,2007-2008,,,,,,,,,,,,,NYR,73,23,23,46,LW
Brendan Shanahan,2008-2009,,,,,,,,,,,,,NJD,34,6,8,14,LW
Brian Leetch,1987-1988,,,,,,,,,,,,,NYR,17,2,12,14,D
Brian Leetch,1988-1989,,,,,,,,,,,,,NYR,68,23,48,71,D
Brian Leetch,1989-1990,,,,,,,,,,,,,NYR,72,11,45,56,D
Brian Leetch,1990-1991,,,,,,,,,,,,,NYR,80,16,72,88,D
Brian Leetch,1991-1992,,,,,,,,,,,,,NYR,80,22,80,102,D
Brian Leetch,1992-1993,,,,,,,,,,,,,NYR,36,6,30,36,D
Brian Leetch,1993-1994,,,,,,,,,,,,,NYR,84,23,56,79,D
Brian Leetch,1994-1995,,,,,,,,,,,,,NYR,48,9,32,41,D
Brian Leetch,1995-1996,,,,,,,,,,,,,NYR,82,15,70,85,D
Brian Leetch,1996-1997,,,,,,,,,,,,,NYR,82,20,58,78,D
Brian Leetch,1997-1998,,,,,,,,,,,,,NYR,76,17,33,50,D
Brian Leetch,1998-1999,,,,,,,,,,,,,NYR,82,13,42,55,D
Brian Leetch,1999-2000,,,,,,,,,,,,,NYR,50,7,19,26,D
Brian Leetch,2000-2001,,,,,,,,,,,,,NYR,82,21,58,79,D
Brian Leetch,2001-2002,,,,,,,,,,,,,NYR,82,10,45,55,D
Brian Leetch,2002-2003,,,,,,,,,,,,,NYR,51,12,18,30,D
Brian Leetch,2003-2004,,,,,,,,,,,,,TOR,72,15,36,51,D
Brian Leetch,2005-2006,,,,,,,,,,,,,BOS,61,5,27,32,D
Joe Sakic,1988-1989,,,,,,,,,,,,,QUE,70,23,39,62,C
Joe Sakic,1989-1990,,,,,,,,,,,,,QUE,80,39,63,102,C
Joe Sakic,1990-1991,,,,,,,,,,,,,QUE,80,48,61,109,C
Joe Sakic,1991-1992,,,,,,,,,,,,,QUE,69,29,65,94,C
Joe Sakic,1992-1993,,,,,,,,,,,,,QUE,78,48,57,105,C
Joe Sakic,1993-1994,,,,,,,,,,,,,QUE,84,28,64,92,C
Joe Sakic,1994-1995,,,,,,,,,,,,,QUE,47,19,43,62,C
Joe Sakic,1995-1996,,,,,,,,,,,,,COL,82,51,69,120,C
Joe Sakic,1996-1997,,,,,,,,,,,,,COL,65,22,52,74,C
Joe Sakic,1997-1998,,,,,,,,,,,,,COL,64,27,36,63,C
Joe Sakic,1998-1999,,,,,,,,,,,,,COL,73,41,55,96,C
Joe Sakic,1999-2000,,,,,,,,,,,,,COL,60,28,53,81,C
Joe Sakic,2000-2001,,,,,,,,,,,,,COL,82,54,64,118,C
Joe Sakic,2001-2002,,,,,,,,,,,,,COL,82,26,53,79,C
Joe Sakic,2002-2003,,,,,,,,,,,,,COL,58,26,32,58,C
Joe Sakic,2003-2004,,,,,,,,,,,,,COL,81,33,54,87,C
Joe Sakic,2005-2006,,,,,,,,,,,,,COL,82,32,55,87,C
Joe Sakic,2006-2007,,,,,,,,,,,,,COL,82,36,64,100,C
Joe Sakic,2007-2008,,,,,,,,,,,,,COL,44,13,27,40,C
Joe Sakic,2008-2009,,,,,,,,,,,,,COL,15,2,10,12,C
Mike Modano,1989-1990,,,,,,,,,,,,,MNS,80,29,46,75,RW
Mike Modano,1990-1991,,,,,,,,,,,,,MNS,79,28,36,64,RW
Mike Modano,1991-1992,,,,,,,,,,,,,MNS,76,33,44,77,RW
Mike Modano,1992-1993,,,,,,,,,,,,,MNS,82,33,60,93,C
Mike Modano,1993-1994,,,,,,,,,,,,,DAL,76,50,43,93,C
Mike Modano,1994-1995,,,,,,,,,,,,,DAL,30,12,17,29,C
Mike Modano,1995-1996,,,,,,,,,,,,,DAL,78,36,45,81,C
Mike Modano,1996-1997,,,,,,,,,,,,,DAL,80,35,48,83,C
Mike Modano,1997-1998,,,,,,,,,,,,,DAL,52,21,38,59,C
Mike Modano,1998-1999,,,,,,,,,,,,,DAL,77,34,47,81,C
Mike Modano,1999-2000,,,,,,,,,,,,,DAL,77,38,43,81,C
Mike Modano,2000-2001,,,,,,,,,,,,,DAL,81,33,51,84,C
Mike Modano,2001-2002,,,,,,,,,,,,,DAL,78,34,43,77,C
Mike Modano,2002-2003,,,,,,,,,,,,,DAL,79,28,57,85,C
Mike Modano,2003-2004,,,,,,,,,,,,,DAL,76,14,30,44,C
Mike Modano,2005-2006,,,,,,,,,,,,,DAL,78,27,50,77,C
Mike Modano,2006-2007,,,,,,,,,,,,,DAL,59,22,21,43,C
Mike Modano,2007-2008,,,,,,,,,,,,,DAL,82,21,36,57,C
Mike Modano,2008-2009,,,,,,,,,,,,,DAL,80,15,31,46,C
Mike Modano,2009-2010,,,,,,,,,,,,,DAL,59,14,16,30,C
Mike Modano,2010-2011,,,,,,,,,,,,,DET,40,4,11,15,C
Mats Sundin,1990-1991,,,,,,,,,,,,,QUE,80,23,36,59,RW
Mats Sundin,1991-1992,,,,,,,,,,,,,QUE,80,33,43,76,RW
Mats Sundin,1992-1993,,,,,,,,,,,,,QUE,80,47,67,114,C
Mats Sundin,1993-1994,,,,,,,,,,,,,QUE,84,32,53,85,C
Mats Sundin,1994-1995,,,,,,,,,,,,,TOR,47,23,24,47,C
Mats Sundin,1995-1996,,,,,,,,,,,,,TOR,76,33,50,83,RW
Mats Sundin,1996-1997,,,,,,,,,,,,,TOR,82,41,53,94,C
Mats Sundin,1997-1998,,,,,,,,,,,,,TOR,82,33,41,74,C
Mats Sundin,1998-1999,,,,,,,,,,,,,TOR,82,31,52,83,C
Mats Sundin,1999-2000,,,,,,,,,,,,,TOR,73,32,41,73,C
Mats Sundin,2000-2001,,,,,,,,,,,,,TOR,82,28,46,74,C
Mats Sundin,2001-2002,,,,,,,,,,,,,TOR,82,41,39,80,C
Mats Sundin,2002-2003,,,,,,,,,,,,,TOR,75,37,35,72,C
Mats Sundin,2003-2004,,,,,,,,,,,,,TOR,81,31,44,75,C
Mats Sundin,2005-2006,,,,,,,,,,,,,TOR,70,31,47,78,C
Mats Sundin,2006-2007,,,,,,,,,,,,,TOR,75,27,49,76,C
Mats Sundin,2007-2008,,,,,,,,,,,,,TOR,74,32,46,78,C
Mats Sundin,2008-2009,,,,,,,,,,,,,VAN,41,9,19,28,C
Jaromír Jágr,1990-1991,,,,,,,,,,,,,PIT,80,27,30,57,RW
Jaromír Jágr,1991-1992,,,,,,,,,,,,,PIT,70,32,37,69,RW
Jaromír Jágr,1992-1993,,,,,,,,,,,,,PIT,81,34,60,94,RW
Jaromír Jágr,1993-1994,,,,,,,,,,,,,PIT,80,32,67,99,RW
Jaromír Jágr,1994-1995,,,,,,,,,,,,,PIT,48,32,38,70,RW
Jaromír Jágr,1995-1996,,,,,,,,,,,,,PIT,82,62,87,149,RW
Jaromír Jágr,1996-1997,,,,,,,,,,,,,PIT,63,47,48,95,RW
Jaromír Jágr,1997-1998,,,,,,,,,,,,,PIT,77,35,67,102,RW
Jaromír Jágr,1998-1999,,,,,,,,,,,,,PIT,81,44,83,127,RW
Jaromír Jágr,1999-2000,,,,,,,,,,,,,PIT,63,42,54,96,RW
Jaromír Jágr,2000-2001,,,,,,,,,,,,,PIT,81,52,69,121,RW
Jaromír Jágr,2001-2002,,,,,,,,,,,,,WSH,69,31,48,79,RW
Jaromír Jágr,2002-2003,,,,,,,,,,,,,WSH,75,36,41,77,RW
Jaromír Jágr,2003-2004,,,,,,,,,,,,,WSH,77,31,43,74,RW
Jaromír Jágr,2005-2006,,,,,,,,,,,,,NYR,82,54,69,123,RW
Jaromír Jágr,2006-2007,,,,,,,,,,,,,NYR,82,30,66,96,RW
Jaromír Jágr,2007-2008,,,,,,,,,,,,,NYR,82,25,46,71,RW
Jaromír Jágr,2011-2012,,,,,,,,,,,,,PHI,73,19,35,54,RW
Jaromír Jágr,2012-2013,,,,,,,,,,,,,DAL,45,16,19,35,RW
Jaromír Jágr,2013-2014,,,,,,,,,,,,,NJD,82,24,43,67,RW
Jaromír Jágr,2014-2015,,,,,,,,,,,,,NJD,77,17,30,47,RW
Jaromír Jágr,2015-2016,,,,,,,,,,,,,FLA,79,27,39,66,RW
Jaromír Jágr,2016-2017,,,,,,,,,,,,,FLA,82,16,30,46,RW
Jaromír Jágr,2017-2018,,,,,,,,,,,,,CGY,22,1,6,7,RW
Sergei Fedorov,1990-1991,,,,,,,,,,,,,DET,77,31,48,79,C
Sergei Fedorov,1991-1992,,,,,,,,,,,,,DET,80,32,54,86,C
Sergei Fedorov,1992-1993,,,,,,,,,,,,,DET,73,34,53,87,C
Sergei Fedorov,1993-1994,,,,,,,,,,,,,DET,82,56,64,120,C
Sergei Fedorov,1994-1995,,,,,,,,,,,,,DET,42,20,30,50,C
Sergei Fedorov,1995-1996,,,,,,,,,,,,,DET,78,39,68,107,RW
Sergei Fedorov,1996-1997,,,,,,,,,,,,,DET,74,30,33,63,C
Sergei Fedorov,1997-1998,,,,,,,,,,,,,DET,21,6,11,17,RW
Sergei Fedorov,1998-1999,,,,,,,,,,,,,DET,77,26,37,63,C
Sergei Fedorov,1999-2000,,,,,,,,,,,,,DET,68,27,35,62,C
Sergei Fedorov,2000-2001,,,,,,,,,,,,,DET,75,32,37,69,C
Sergei Fedorov,2001-2002,,,,,,,,,,,,,DET,81,31,37,68,C
Sergei Fedorov,2002-2003,,,,,,,,,,,,,DET,80,36,47,83,C
Sergei Fedorov,2003-2004,,,,,,,,,,,,,MDA,80,31,34,65,C
Sergei Fedorov,2005-2006,,,,,,,,,,,,,CBJ,67,12,32,44,C
Sergei Fedorov,2006-2007,,,,,,,,,,,,,CBJ,73,18,24,42,C
Sergei Fedorov,2007-2008,,,,,,,,,,,,,WSH,68,11,30,41,C
Sergei Fedorov,2008-2009,,,,,,,,,,,,,WSH,52,11,22,33,C
Scott Niedermayer,1991-1992,,,,,,,,,,,,,NJD,4,0,1,1,D
Scott Niedermayer,1992-1993,,,,,,,,,,,,,NJD,80,11,29,40,D
Scott Niedermayer,1993-1994,,,,,,,,,,,,,NJD,81,10,36,46,D
Scott Niedermayer,1994-1995,,,,,,,,,,,,,NJD,48,4,15,19,D
Scott Niedermayer,1995-1996,,,,,,,,,,,,,NJD,79,8,25,33,D
Scott Niedermayer,1996-1997,,,,,,,,,,,,,NJD,81,5,30,35,D
Scott Niedermayer,1997-1998,,,,,,,,,,,,,NJD,81,14,43,57,D
Scott Niedermayer,1998-1999,,,,,,,,,,,,,NJD,72,11,35,46,D
Scott Niedermayer,1999-2000,,,,,,,,,,,,,NJD,71,7,31,38,D
Scott Niedermayer,2000-2001,,,,,,,,,,,,,NJD,57,6,29,35,D
Scott Niedermayer,2001-2002,,,,,,,,,,,,,NJD,76,11,22,33,D
Scott Niedermayer,2002-2003,,,,,,,,,,,,,NJD,81,11,28,39,D
Scott Niedermayer,2003-2004,,,,,,,,,,,,,NJD,81,14,40,54,D
Scott Niedermayer,2005-2006,,,,,,,,,,,,,MDA,82,13,50,63,D
Scott Niedermayer,2006-2007,,,,,,,,,,,,,ANA,79,15,54,69,D
Scott Niedermayer,2007-2008,,,,,,,,,,,,,ANA,48,8,17,25,D
Scott Niedermayer,2008-2009,,,,,,,,,,,,,ANA,82,14,45,59,D
Scott Niedermayer,2009-2010,,,,,,,,,,,,,ANA,80,10,38,48,D
Nicklas Lidström,1991-1992,,,,,,,,,,,,,DET,80,11,49,60,D
Nicklas Lidström,1992-1993,,,,,,,,,,,,,DET,84,7,34,41,D
Nicklas Lidström,1993-1994,,,,,,,,,,,,,DET,84,10,46,56,D
Nicklas Lidström,1994-1995,,,,,,,,,,,,,DET,43,10,16,26,D
Nicklas Lidström,1995-1996,,,,,,,,,,,,,DET,81,17,50,67,D
Nicklas Lidström,1996-1997,,,,,,,,,,,,,DET,79,15,42,57,D
Nicklas Lidström,1997-1998,,,,,,,,,,,,,DET,80,17,42,59,D
Nicklas Lidström,1998-1999,,,,,,,,,,,,,DET,81,14,43,57,D
Nicklas Lidström,1999-2000,,,,,,,,,,,,,DET,81,20,53,73,D
Nicklas Lidström,2000-2001,,,,,,,,,,,,,DET,82,15,56,71,D
Nicklas Lidström,2001-2002,,,,,,,,,,,,,DET,78,9,50,59,D
Nicklas Lidström,2002-2003,,,,,,,,,,,,,DET,82,18,44,62,D
Nicklas Lidström,2003-2004,,,,,,,,,,,,,DET,81,10,28,38,D
Nicklas Lidström,2005-2006,,,,,,,,,,,,,DET,80,16,64,80,D
Nicklas Lidström,2006-2007,,,,,,,,,,,,,DET,80,13,49,62,D
Nicklas Lidström,2007-2008,,,,,,,,,,,,,DET,76,10,60,70,D
Nicklas Lidström,2008-2009,,,,,,,,,,,,,DET,78,16,43,59,D
Nicklas Lidström,2009-2010,,,,,,,,,,,,,DET,82,9,40,49,D
Nicklas Lidström,2010-2011,,,,,,,,,,,,,DET,82,16,46,62,D
Nicklas Lidström,2011-2012,,,,,,,,,,,,,DET,70,11,23,34,D
Pavel Bure,1991-1992,,,,,,,,,,,,,VAN,65,34,26,60,RW
Pavel Bure,1992-1993,,,,,,,,,,,,,VAN,83,60,50,110,RW
Pavel Bure,1993-1994,,,,,,,,,,,,,VAN,76,60,47,107,RW
Pavel Bure,1994-1995,,,,,,,,,,,,,VAN,44,20,23,43,LW
Pavel Bure,1995-1996,,,,,,,,,,,,,VAN,15,6,7,13,LW
Pavel Bure,1996-1997,,,,,,,,,,,,,VAN,63,23,32,55,RW
Pavel Bure,1997-1998,,,,,,,,,,,,,VAN,82,51,39,90,RW
Pavel Bure,1998-1999,,,,,,,,,,,,,FLA,11,13,3,16,RW
Pavel Bure,1999-2000,,,,,,,,,,,,,FLA,74,58,36,94,RW
Pavel Bure,2000-2001,,,,,,,,,,,,,FLA,82,59,33,92,RW
Pavel Bure,2001-2002,,,,,,,,,,,,,NYR,68,34,35,69,RW
Pavel Bure,2002-2003,,,,,,,,,,,,,NYR,39,19,11,30,RW
Teemu Selänne,1992-1993,,,,,,,,,,,,,WIN,84,76,56,132,RW
Teemu Selänne,1993-1994,,,,,,,,,,,,,WIN,51,25,29,54,RW
Teemu Selänne,1994-1995,,,,,,,,,,,,,WIN,45,22,26,48,RW
Teemu Selänne,1995-1996,,,,,,,,,,,,,WIN,79,40,68,108,RW
Teemu Selänne,1996-1997,,,,,,,,,,,,,MDA,78,51,58,109,RW
Teemu Selänne,1997-1998,,,,,,,,,,,,,MDA,73,52,34,86,RW
Teemu Selänne,1998-1999,,,,,,,,,,,,,MDA,75,47,60,107,RW
Teemu Selänne,1999-2000,,,,,,,,,,,,,MDA,79,33,52,85,RW
Teemu Selänne,2000-2001,,,,,,,,,,,,,SJS,73,33,39,72,RW
Teemu Selänne,2001-2002,,,,,,,,,,,,,SJS,82,29,25,54,RW
Teemu Selänne,2002-2003,,,,,,,,,,,,,SJS,82,28,36,64,RW
Teemu Selänne,2003-2004,,,,,,,,,,,,,COL,78,16,16,32,RW
Teemu Selänne,2005-2006,,,,,,,,,,,,,MDA,80,40,50,90,RW
Teemu Selänne,2006-2007,,,,,,,,,,,,,ANA,82,48,46,94,RW
Teemu Selänne,2007-2008,,,,,,,,,,,,,ANA,26,12,11,23,RW
Teemu Selänne,2008-2009,,,,,,,,,,,,,ANA,65,27,27,54,RW
Teemu Selänne,2009-2010,,,,,,,,,,,,,ANA,54,27,21,48,RW
Teemu Selänne,2010-2011,,,,,,,,,,,,,ANA,73,31,49,80,RW
Teemu Selänne,2011-2012,,,,,,,,,,,,,ANA,82,26,40,66,RW
Teemu Selänne,2012-2013,,,,,,,,,,,,,ANA,46,12,12,24,RW
Teemu Selänne,2013-2014,,,,,,,,,,,,,ANA,64,9,18,27,RW
Eric Lindros,1992-1993,,,,,,,,,,,,,PHI,61,41,34,75,C
Eric Lindros,1993-1994,,,,,,,,,,,,,PHI,65,44,53,97,C
Eric Lindros,1994-1995,,,,,,,,,,,,,PHI,46,29,41,70,C
Eric Lindros,1995-1996,,,,,,,,,,,,,PHI,73,47,68,115,C
Eric Lindros,1996-1997,,,,,,,,,,,,,PHI,52,32,47,79,C
Eric Lindros,1997-1998,,,,,,,,,,,,,PHI,63,30,41,71,C
Eric Lindros,1998-1999,,,,,,,,,,,,,PHI,71,40,53,93,C
Eric Lindros,1999-2000,,,,,,,,,,,,,PHI,55,27,32,59,C
Eric Lindros,2001-2002,,,,,,,,,,,,,NYR,72,37,36,73,C
Eric Lindros,2002-2003,,,,,,,,,,,,,NYR,81,19,34,53,C
Eric Lindros,2003-2004,,,,,,,,,,,,,NYR,39,10,22,32,C
Eric Lindros,2005-2006,,,,,,,,,,,,,TOR,33,11,11,22,C
Eric Lindros,2006-2007,,,,,,,,,,,,,DAL,49,5,21,26,RW
Chris Pronger,1993-1994,,,,,,,,,,,,,HAR,81,5,25,30,D
Chris Pronger,1994-1995,,,,,,,,,,,,,HAR,43,5,9,14,D
Chris Pronger,1995-1996,,,,,,,,,,,,,STL,78,7,18,25,D
Chris Pronger,1996-1997,,,,,,,,,,,,,STL,79,11,24,35,D
Chris Pronger,1997-1998,,,,,,,,,,,,,STL,81,9,27,36,D
Chris Pronger,1998-1999,,,,,,,,,,,,,STL,67,13,33,46,D
Chris Pronger,1999-2000,,,,,,,,,,,,,STL,79,14,48,62,D
Chris Pronger,2000-2001,,,,,,,,,,,,,STL,51,8,39,47,D
Chris Pronger,2001-2002,,,,,,,,,,,,,STL,78,7,40,47,D
Chris Pronger,2002-2003,,,,,,,,,,,,,STL,5,1,3,4,D
Chris Pronger,2003-2004,,,,,,,,,,,,,STL,80,14,40,54,D
Chris Pronger,2005-2006,,,,,,,,,,,,,EDM,80,12,44,56,D
Chris Pronger,2006-2007,,,,,,,,,,,,,ANA,66,13,46,59,D
Chris Pronger,2007-2008,,,,,,,,,,,,,ANA,72,12,31,43,D
Chris Pronger,2008-2009,,,,,,,,,,,,,ANA,82,11,37,48,D
Chris Pronger,2009-2010,,,,,,,,,,,,,PHI,82,10,45,55,D
Chris Pronger,2010-2011,,,,,,,,,,,,,PHI,50,4,21,25,D
Chris Pronger,2011-2012,,,,,,,,,,,,,PHI,13,1,11,12,D
Peter Forsberg,1994-1995,,,,,,,,,,,,,QUE,47,15,35,50,C
Peter Forsberg,1995-1996,,,,,,,,,,,,,COL,82,30,86,116,C
Peter Forsberg,1996-1997,,,,,,,,,,,,,COL,65,28,58,86,C
Peter Forsberg,1997-1998,,,,,,,,,,,,,COL,72,25,66,91,C
Peter Forsberg,1998-1999,,,,,,,,,,,,,COL,78,30,67,97,C
Peter Forsberg,1999-2000,,,,,,,,,,,,,COL,49,14,37,51,C
Peter Forsberg,2000-2001,,,,,,,,,,,,,COL,73,27,62,89,C
Peter Forsberg,2002-2003,,,,,,,,,,,,,COL,75,29,77,106,C
Peter Forsberg,2003-2004,,,,,,,,,,,,,COL,39,18,37,55,C
Peter Forsberg,2005-2006,,,,,,,,,,,,,PHI,60,19,56,75,C
Peter Forsberg,2006-2007,,,,,,,,,,,,,PHI,57,13,42,55,C
Peter Forsberg,2007-2008,,,,,,,,,,,,,COL,9,1,13,14,C
Peter Forsberg,2010-2011,,,,,,,,,,,,,COL,2,0,0,0,C
Pavel Datsyuk,2001-2002,,,,,,,,,,,,,DET,70,11,24,35,C
Pavel Datsyuk,2002-2003,,,,,,,,,,,,,DET,64,12,39,51,C
Pavel Datsyuk,2003-2004,,,,,,,,,,,,,DET,75,30,38,68,C
Pavel Datsyuk,2005-2006,,,,,,,,,,,,,DET,75,28,59,87,C
Pavel Datsyuk,2006-2007,,,,,,,,,,,,,DET,79,27,60,87,C
Pavel Datsyuk,2007-2008,,,,,,,,,,,,,DET,82,31,66,97,C
Pavel Datsyuk,2008-2009,,,,,,,,,,,,,DET,81,32,65,97,C
Pavel Datsyuk,2009-2010,,,,,,,,,,,,,DET,80,27,43,70,C
Pavel Datsyuk,2010-2011,,,,,,,,,,,,,DET,56,23,36,59,C
Pavel Datsyuk,2011-2012,,,,,,,,,,,,,DET,70,19,48,67,C
Pavel Datsyuk,2012-2013,,,,,,,,,,,,,DET,47,15,34,49,C
Pavel Datsyuk,2013-2014,,,,,,,,,,,,,DET,45,17,20,37,C
Pavel Datsyuk,2014-2015,,,,,,,,,,,,,DET,63,26,39,65,C
Pavel Datsyuk,2015-2016,,,,,,,,,,,,,DET,66,16,33,49,C
Alex Ovechkin,2005-2006,,,,,,,,,,,,,WSH,81,52,54,106,LW
Alex Ovechkin,2006-2007,,,,,,,,,,,,,WSH,82,46,46,92,LW
Alex Ovechkin,2007-2008,,,,,,,,,,,,,WSH,82,65,47,112,LW
Alex Ovechkin,2008-2009,,,,,,,,,,,,,WSH,79,56,54,110,LW
Alex Ovechkin,2009-2010,,,,,,,,,,,,,WSH,72,50,59,109,LW
Alex Ovechkin,2010-2011,,,,,,,,,,,,,WSH,79,32,53,85,LW
Alex Ovechkin,2011-2012,,,,,,,,,,,,,WSH,78,38,27,65,LW
Alex Ovechkin,2012-2013,,,,,,,,,,,,,WSH,48,32,24,56,LW
Alex Ovechkin,2013-2014,,,,,,,,,,,,,WSH,78,51,28,79,LW
Alex Ovechkin,2014-2015,,,,,,,,,,,,,WSH,81,53,28,81,LW
Alex Ovechkin,2015-2016,,,,,,,,,,,,,WSH,79,50,21,71,LW
Alex Ovechkin,2016-2017,,,,,,,,,,,,,WSH,82,33,36,69,LW
Alex Ovechkin,2017-2018,,,,,,,,,,,,,WSH,82,49,38,87,LW
Alex Ovechkin,2018-2019,,,,,,,,,,,,,WSH,81,51,38,89,LW
Alex Ovechkin,2019-2020,,,,,,,,,,,,,WSH,68,48,19,67,LW
Alex Ovechkin,2020-2021,,,,,,,,,,,,,WSH,45,24,18,42,LW
Alex Ovechkin,2021-2022,,,,,,,,,,,,,WSH,77,50,40,90,LW
Alex Ovechkin,2022-2023,,,,,,,,,,,,,WSH,73,42,33,75,LW
Alex Ovechkin,2023-2024,,,,,,,,,,,,,WSH,79,31,34,65,LW
Alex Ovechkin,2024-2025,,,,,,,,,,,,,WSH,14,10,8,18,LW
Duncan Keith,2005-2006,,,,,,,,,,,,,CHI,81,9,12,21,D
Duncan Keith,2006-2007,,,,,,,,,,,,,CHI,82,2,29,31,D
Duncan Keith,2007-2008,,,,,,,,,,,,,CHI,82,12,20,32,D
Duncan Keith,2008-2009,,,,,,,,,,,,,CHI,77,8,36,44,D
Duncan Keith,2009-2010,,,,,,,,,,,,,CHI,82,14,55,69,D
Duncan Keith,2010-2011,,,,,,,,,,,,,CHI,82,7,38,45,D
Duncan Keith,2011-2012,,,,,,,,,,,,,CHI,74,4,36,40,D
Duncan Keith,2012-2013,,,,,,,,,,,,,CHI,47,3,24,27,D
Duncan Keith,2013-2014,,,,,,,,,,,,,CHI,79,6,55,61,D
Duncan Keith,2014-2015,,,,,,,,,,,,,CHI,80,10,35,45,D
Duncan Keith,2015-2016,,,,,,,,,,,,,CHI,67,9,34,43,D
Duncan Keith,2016-2017,,,,,,,,,,,,,CHI,80,6,47,53,D
Duncan Keith,2017-2018,,,,,,,,,,,,,CHI,82,2,30,32,D
Duncan Keith,2018-2019,,,,,,,,,,,,,CHI,82,6,34,40,D
Duncan Keith,2019-2020,,,,,,,,,,,,,CHI,61,3,24,27,D
Duncan Keith,2020-2021,,,,,,,,,,,,,CHI,54,4,11,15,D
Duncan Keith,2021-2022,,,,,,,,,,,,,EDM,64,1,20,21,D
Sidney Crosby,2005-2006,,,,,,,,,,,,,PIT,81,39,63,102,C
Sidney Crosby,2006-2007,,,,,,,,,,,,,PIT,79,36,84,120,C
Sidney Crosby,2007-2008,,,,,,,,,,,,,PIT,53,24,48,72,C
Sidney Crosby,2008-2009,,,,,,,,,,,,,PIT,77,33,70,103,C
Sidney Crosby,2009-2010,,,,,,,,,,,,,PIT,81,51,58,109,C
Sidney Crosby,2010-2011,,,,,,,,,,,,,PIT,41,32,34,66,C
Sidney Crosby,2011-2012,,,,,,,,,,,,,PIT,22,8,29,37,C
Sidney Crosby,2012-2013,,,,,,,,,,,,,PIT,36,15,41,56,C
Sidney Crosby,2013-2014,,,,,,,,,,,,,PIT,80,36,68,104,C
Sidney Crosby,2014-2015,,,,,,,,,,,,,PIT,77,28,56,84,C
Sidney Crosby,2015-2016,,,,,,,,,,,,,PIT,80,36,49,85,C
Sidney Crosby,2016-2017,,,,,,,,,,,,,PIT,75,44,45,89,C
Sidney Crosby,2017-2018,,,,,,,,,,,,,PIT,82,29,60,89,C
Sidney Crosby,2018-2019,,,,,,,,,,,,,PIT,79,35,65,100,C
Sidney Crosby,2019-2020,,,,,,,,,,,,,PIT,41,16,31,47,C
Sidney Crosby,2020-2021,,,,,,,,,,,,,PIT,55,24,38,62,C
Sidney Crosby,2021-2022,,,,,,,,,,,,,PIT,69,31,53,84,C
Sidney Crosby,2022-2023,,,,,,,,,,,,,PIT,82,33,60,93,C
Sidney Crosby,2023-2024,,,,,,,,,,,,,PIT,82,42,52,94,C
Sidney Crosby,2024-2025,,,,,,,,,,,,,PIT,17,6,10,16,C
Jonathan Toews,2007-2008,,,,,,,,,,,,,CHI,64,24,30,54,C
Jonathan Toews,2008-2009,,,,,,,,,,,,,CHI,82,34,35,69,C
Jonathan Toews,2009-2010,,,,,,,,,,,,,CHI,76,25,43,68,C
Jonathan Toews,2010-2011,,,,,,,,,,,,,CHI,80,32,44,76,C
Jonathan Toews,2011-2012,,,,,,,,,,,,,CHI,59,29,28,57,C
Jonathan Toews,2012-2013,,,,,,,,,,,,,CHI,47,23,25,48,C
Jonathan Toews,2013-2014,,,,,,,,,,,,,CHI,76,28,40,68,C
Jonathan Toews,2014-2015,,,,,,,,,,,,,CHI,81,28,38,66,C
Jonathan Toews,2015-2016,,,,,,,,,,,,,CHI,80,28,30,58,C
Jonathan Toews,2016-2017,,,,,,,,,,,,,CHI,72,21,37,58,C
Jonathan Toews,2017-2018,,,,,,,,,,,,,CHI,74,20,32,52,C
Jonathan Toews,2018-2019,,,,,,,,,,,,,CHI,82,35,46,81,C
Jonathan Toews,2019-2020,,,,,,,,,,,,,CHI,70,18,42,60,C
Jonathan Toews,2021-2022,,,,,,,,,,,,,CHI,71,12,25,37,C
Jonathan Toews,2022-2023,,,,,,,,,,,,,CHI,53,15,16,31,C
Patrick Kane,2007-2008,,,,,,,,,,,,,CHI,82,21,51,72,RW
Patrick Kane,2008-2009,,,,,,,,,,,,,CHI,80,25,45,70,RW
Patrick Kane,2009-2010,,,,,,,,,,,,,CHI,82,30,58,88,RW
Patrick Kane,2010-2011,,,,,,,,,,,,,CHI,73,27,46,73,RW
Patrick Kane,2011-2012,,,,,,,,,,,,,CHI,82,23,43,66,RW
Patrick Kane,2012-2013,,,,,,,,,,,,,CHI,47,23,32,55,RW
Patrick Kane,2013-2014,,,,,,,,,,,,,CHI,69,29,40,69,RW
Patrick Kane,2014-2015,,,,,,,,,,,,,CHI,61,27,37,64,RW
Patrick Kane,2015-2016,,,,,,,,,,,,,CHI,82,46,60,106,RW
Patrick Kane,2016-2017,,,,,,,,,,,,,CHI,82,34,55,89,RW
Patrick Kane,2017-2018,,,,,,,,,,,,,CHI,82,27,49,76,RW
Patrick Kane,2018-2019,,,,,,,,,,,,,CHI,81,44,66,110,RW
Patrick Kane,2019-2020,,,,,,,,,,,,,CHI,70,33,51,84,RW
Patrick Kane,2020-2021,,,,,,,,,,,,,CHI,56,15,51,66,RW
Patrick Kane,2021-2022,,,,,,,,,,,,,CHI,78,26,66,92,RW
Patrick Kane,2022-2023,,,,,,,,,,,,,NYR,73,21,36,57,RW
Patrick Kane,2023-2024,,,,,,,,,,,,,DET,50,20,27,47,RW
Patrick Kane,2024-2025,,,,,,,,,,,,,DET,14,2,6,8,RW
